Species,No.,Year,Month,Province,County,District,Longitude,Latitude,Type of conflict (standard),Victem,Number of victems,Number of deaths,URL
Asiatic Black Bear,ABB001,2005,7,四川省,宝兴县,宝兴县中坝乡大渡河造林区,102.824266,30.268984,Attack human,Human,1,,https://www.qingdaonews.com/content/2005-07/27/content_5133660.htm
Asiatic Black Bear,ABB002,2006,9,黑龙江省,汤原县,佳木斯汤原县汤原镇保合村,129.901297,46.753689,Attack human,Human,1,,https://heilongjiang.dbw.cn/system/2006/09/12/050546936.shtml
Asiatic Black Bear,ABB003,2006,6,云南省,德钦县,德钦县霞若乡茨卡通村,99.177378,28.054583,Attack human,Human,1,,https://news.sina.com.cn/c/2006-07-08/015910362512.shtml
Asiatic Black Bear,ABB004,2007,8,黑龙江省,南岔县,伊春市南岔区,129.277972,47.134737,Attack human,Human,2,,https://heilongjiang.dbw.cn/system/2007/08/22/050945124.shtml
Asiatic Black Bear,ABB005,2007,7,黑龙江省,东宁市,东宁县绥阳镇沙洞村,130.754328,44.173531,Attack human,Human,1,,https://heilongjiang.dbw.cn/system/2007/08/01/050916171.shtml
Asiatic Black Bear,ABB006,2008,10,四川省,汉源县,雅安市汉源县汉源站,102.907983,29.236491,Attack human,Human,2,,https://news.sohu.com/20081014/n260022869.shtml
Asiatic Black Bear,ABB007,2008,6,云南省,昌宁县,昌宁县苟街乡岩羊山,99.630225,25.11728,Attack human,Human,1,1,https://news.ifeng.com/c/7fYWRsbLYMn
Asiatic Black Bear,ABB008,2010,6,湖北省,神农架林区,神农架林区徐家庄林场,110.556263,31.559987,Damage beehive,,,,https://news.sohu.com/20100605/n272580771.shtml
Asiatic Black Bear,ABB009,2010,8,陕西省,镇巴县,汉中市镇巴县三元镇,107.724,32.449556,Attack human,Human,1,,http://news.sohu.com/20100825/n274464273.shtml
Asiatic Black Bear,ABB010,2010,8,陕西省,鄠邑区,西安市鄠邑区崂峪镇纸房村,108.52316,33.953417,Attack human,Human,1,,http://news.sohu.com/20100916/n274986251.shtml
Asiatic Black Bear,ABB011,2010,9,四川省,康定市,甘孜州康定县汤金乡青杠山村,102.28272,30.380167,Attack human,Human,1,,https://news.cntv.cn/society/20100923/101019.shtml
Asiatic Black Bear,ABB012,2010,10,四川省,南江县,巴中市南江县上两乡文家梁村二社,106.85197,32.367139,Attack human,Human,2,1,http://news.sohu.com/20101008/n275467075.shtml
Asiatic Black Bear,ABB013,2011,5,黑龙江省,和龙市,延边朝鲜族自治州和龙市青山林场,128.937739,42.39997,Damage beehive,,,,http://www.360doc.com/content/11/0814/21/2454475_140404522.shtml
Asiatic Black Bear,ABB014,2011,7,台湾省,台东县,台东县海端乡一处养蜂场,121.170191,23.115572,Damage beehive,,,,https://www.epochtimes.com/gb/11/7/11/n3312009.htm
Asiatic Black Bear,ABB015,2011,12,台湾省,苗栗县,苗栗县泰安乡一果园,120.964074,24.352991,Damage crops,,,,https://www.epochtimes.com/gb/11/12/22/n3465030.htm
Asiatic Black Bear,ABB016,2012,9,安徽省,休宁县,黄山市休宁县鹤城乡新安源村,117.737,29.663889,Attack human,Human,1,,http://www.ahscb.com.cn/html/2012-09/07/content_100218.htm
Asiatic Black Bear,ABB017,2012,7,陕西省,岚皋县,安康市岚皋县孟石岭镇,109.07275,32.166083,Damage crops,,,,https://www.chinanews.com.cn/mil/2012/07-25/4058427.shtml
Asiatic Black Bear,ABB018,2012,4,陕西省,长安区,西安市长安区五台街办老龙桥村附近大山,108.98441,34.01875,Attack human,Human,1,,https://news.sina.com.cn/c/2012-04-19/025824294400.shtml
Asiatic Black Bear,ABB019,2012,12,云南省,隆阳区,保山隆阳区瓦房乡瓦房村二道桥大脑包山,99.3985,24.124806,Attack human,Human,1,,https://news.sohu.com/20121213/n360286487.shtml
Asiatic Black Bear,ABB020,2013,5,黑龙江省,密山市,密山市兴凯湖乡马家岗村,132.271139,45.461694,Enter human settlements,,,,https://www.163.com/news/article/8TS9O96P00014JB5.html
Asiatic Black Bear,ABB021,2013,11,黑龙江省,穆棱市,牡丹江市穆棱林业局一林场,130.628333,44.958889,Attack human,Human,1,,http://news.sohu.com/20131110/n389868006.shtml
Asiatic Black Bear,ABB022,2013,1,黑龙江省,嘉荫县,伊春市嘉荫县保兴乡连江林场,130.515,45.594028,Attack human,Human,1,1,https://china.huanqiu.com/article/9CaKrnJyOj7
Asiatic Black Bear,ABB023,2013,8,陕西省,长安区,西安市长安区五台街办老龙桥村附近大山,108.97326,34.031314,Attack human,Human,1,,https://news.hsw.cn/system/2013/08/11/051731277.shtml
Asiatic Black Bear,ABB024,2013,1,陕西省,蓝田县,西安市蓝田县小寨镇上岱峪村的后山,109.30097,34.043194,Attack human,Human,1,,https://news.hsw.cn/system/2013/01/22/051592586.shtml
Asiatic Black Bear,ABB025,2013,4,四川省,屏山县,宜宾市屏山县大乘镇沙坪村碉楼社,104.29244,28.753833,Attack human,Human,2,,https://www.chinanews.com.cn/sh/2013/05-01/4778396.shtml
Asiatic Black Bear,ABB026,2014,9,吉林省,安图县,延边朝鲜族自治州安图县永庆乡马鞍山村,128.23075,42.731944,Attack livestock,Cow,1,1,https://video.sina.com.cn/p/news/s/v/2014-09-29/174864126831.html
Asiatic Black Bear,ABB027,2014,5,吉林省,敦化市,延边朝鲜族自治州敦化市黄泥河镇马鹿沟林场,128.615998,43.593606,Damage beehive,,,,http://www.hkwb.net/news/content/2014-06/10/content_2283963.htm
Asiatic Black Bear,ABB028,2014,10,陕西省,汉滨区,安康市汉滨区叶坪镇,108.72536,33.150111,Attack human,Human,1,,https://news.hsw.cn/system/2014/1030/171547.shtml
Asiatic Black Bear,ABB029,2014,7,陕西省,蓝田县,西安市蓝田县汤峪镇汤三村,109.21522,34.011861,Attack human,Human,1,,http://news.sohu.com/20140704/n401784591.shtml
Asiatic Black Bear,ABB030,2014,8,台湾省,海端乡,南投县海端乡嘉明湖附近木屋,121.034032,23.293976,Damage property,,,,https://www.chinatimes.com/realtimenews/20140817001785-260402?chdtv
Asiatic Black Bear,ABB031,2014,7,云南省,德钦县,迪庆州奔子栏尼丁村,99.28,27.820778,Attack human,Human,1,,http://news.sohu.com/20140805/n403119797.shtml
Asiatic Black Bear,ABB032,2015,10,黑龙江省,饶河县,双鸭山市饶河县三中,134.003694,46.795722,Enter human settlements,,,,http://politics.people.com.cn/n/2015/1013/c70731-27690883.html
Asiatic Black Bear,ABB033,2015,9,黑龙江省,虎林市,虎林市虎头镇,133.669861,45.986357,Damage crops,,,,https://ms.big5.dbw.cn/system/2015/09/11/056810029.shtml
Asiatic Black Bear,ABB034,2015,9,黑龙江省,虎林市,虎林市虎头镇,133.660972,45.981417,Attack human,Human,1,,https://heilongjiang.dbw.cn/system/2015/09/11/056809645.shtml
Asiatic Black Bear,ABB035,2015,12,黑龙江省,密山市,密山市杨木乡兴隆村畜牧场,132.433889,45.614667,Attack livestock,Dog,1,1,https://www.chinanews.com.cn/sh/2015/12-04/7656620.shtml
Asiatic Black Bear,ABB036,2015,8,黑龙江省,虎林市,虎林市珍宝岛湿地保护区,133.51931,46.385774,Damage beehive,,,,https://heilongjiang.dbw.cn/system/2015/09/01/056786211.shtml
Asiatic Black Bear,ABB037,2015,9,湖北省,五峰土家族自治县,宜昌市五峰土家族自治县后河村,110.614739,30.077579,Damage beehive,,,,http://lyj.yichang.gov.cn/content-43066-849202-1.html
Asiatic Black Bear,ABB038,2015,1,陕西省,蓝田县,西安市蓝田县汤峪镇,109.21525,34.012167,Attack human,Human,1,,http://news.cnr.cn/native/gd/20150114/t20150114_517414841.shtml
Asiatic Black Bear,ABB039,2015,6,四川省,金堂县,成都市金堂县赵家镇石峰村,104.573028,30.812889,Damage property,Chicken,2,2,https://e.cdsb.com/html/2015-07/01/content_527275.htm
Asiatic Black Bear,ABB040,2015,8,四川省,理塘县,甘孜州理塘县村戈乡,100.85741,29.373889,Attack human,Human,1,,https://society.huanqiu.com/article/9CaKrnJP9NF
Asiatic Black Bear,ABB041,2015,5,四川省,青川县,广元市青川县楼子乡,105.31369,32.364722,Attack human,Human,1,,https://news.enorth.com.cn/system/2015/05/12/030222032.shtml
Asiatic Black Bear,ABB042,2015,7,云南省,新平县,玉溪市新平县新化乡鲁一尼村委会白达莫小组,101.86036,23.978083,Attack human,Human,1,,https://society.huanqiu.com/article/9CaKrnJNgr2
Asiatic Black Bear,ABB043,2015,7,云南省,大姚县,大姚县湾碧乡,101.18902,26.352806,Attack human,Human,2,1,https://www.chinanews.com.cn/m/sh/2015/08-02/7442456.shtml
Asiatic Black Bear,ABB044,2016,8,黑龙江省,抚远市,佳木斯市抚远市海青乡,134.617333,47.89325,Attack human,Human,1,,http://www.hinews.cn/news/system/2016/08/26/030644297.shtml
Asiatic Black Bear,ABB045,2016,10,黑龙江省,虎林市,虎林市阿北乡新政村,133.280028,46.211528,Attack human,Human,1,,http://news.youth.cn/sh/201610/t20161007_8720748.htm
Asiatic Black Bear,ABB046,2016,9,黑龙江省,虎林市,虎林市东方红镇大塔山,133.101667,46.213028,Attack human,Human,1,1,https://www.sohu.com/a/115070775_123753
Asiatic Black Bear,ABB047,2016,9,黑龙江省,尚志市,尚志市苇河镇苇河林业局冲河林场,128.394111,44.953,Attack human,Human,1,,https://heilongjiang.big5.dbw.cn/system/2016/09/24/057387692.shtml
Asiatic Black Bear,ABB048,2016,9,黑龙江省,虎林市,虎林市珍宝岛乡宝丰村,133.72149,46.241033,Damage beehive,,,,https://heilongjiang.big5.dbw.cn/system/2016/09/06/057365588.shtml
Asiatic Black Bear,ABB049,2016,6,吉林省,珲春市,延边朝鲜族自治州珲春市英安镇大荒沟村,130.408485,43.123642,Damage beehive,,,,https://news.cnjiwang.com/jlxwdt/ybz/201606/2121687.html
Asiatic Black Bear,ABB050,2016,5,江西省,铅山县,铅山县叶家厂保护管理站工作居住区,117.80325,28.287722,Damage beehive,,,,http://www.hxnews.com/news/fj/np/201605/11/866715.shtml
Asiatic Black Bear,ABB051,2016,7,江西省,婺源县,上饶市婺源县大鄣山鄣山村,117.948639,29.258639,Attack human,Human,1,,https://news.cnr.cn/native/gd/20160727/t20160727_522804129.shtml
Asiatic Black Bear,ABB052,2016,6,四川省,米易县,攀枝花市米易县白坡乡松坪村,101.90752,27.130472,Attack human,Human,1,,https://news.china.com/socialgd/10000169/20160613/22857885.html
Asiatic Black Bear,ABB053,2016,6,台湾省,海端乡,南投县海端乡嘉明湖向阳山屋,121.034115,23.292861,Damage property,,,,https://www.epochtimes.com/gb/16/6/5/n7967470.htm
Asiatic Black Bear,ABB054,2016,6,台湾省,海端乡,南投县海端乡嘉明湖向阳山屋,121.034242,23.293007,Damage property,,,,https://www.epochtimes.com/gb/16/6/12/n7988838.htm
Asiatic Black Bear,ABB055,2016,5,台湾省,阿里山乡,南投县嘉义乡玉山国家公园东部,120.957522,23.469895,Enter human settlements,,,,https://www.epochtimes.com/gb/16/6/3/n7959886.htm
Asiatic Black Bear,ABB056,2016,5,台湾省,阿里山乡,南投县嘉义乡玉山国家公园抱崖山屋,121.139863,23.334602,Damage property,,,,https://www.chinatimes.com/realtimenews/20160603005028-260405?chdtv
Asiatic Black Bear,ABB057,2016,8,云南省,腾冲市,腾冲市高黎贡山自然保护区腾冲分局曲石管理站林家铺护林点,98.58719,25.695668,Damage beehive,,,,http://m.cnr.cn/news/20160811/t20160811_522949111.html
Asiatic Black Bear,ABB058,2016,4,重庆市,城口县,城口县龙田乡,108.64147,31.974917,Attack human,Human,1,,https://news.china.com/socialgd/10000169/20160420/22475396.html
Asiatic Black Bear,ABB059,2017,6,黑龙江省,饶河县,双鸭山市饶河县城区,133.866889,47.366583,Damage crops,,,,https://www.sohu.com/a/152990175_267106
Asiatic Black Bear,ABB060,2017,5,黑龙江省,伊春市,伊春市泉石林场,129.868111,48.658611,Attack human,Human,1,,http://www.chinanews.com/sh/2017/05-26/8234706.shtml
Asiatic Black Bear,ABB061,2017,8,黑龙江省,海林市,牡丹江市海林市奋斗农场附近,128.833028,44.717444,Attack human,Human,1,,https://news.sina.com.cn/s/2017-08-20/doc-ifykcqaw0277874.shtml
Asiatic Black Bear,ABB062,2017,5,黑龙江省,伊春市,伊春市泉石林场,129.868056,48.658611,Attack human,Human,1,,https://www.thepaper.cn/newsDetail_forward_1684610?hotComm=true
Asiatic Black Bear,ABB063,2017,8,黑龙江省,海林市,海林市红松管护林附近,129.135111,44.927556,Attack human,Human,1,,http://news.sina.com.cn/o/2017-08-11/doc-ifyixcaw4034594.shtml
Asiatic Black Bear,ABB064,2017,11,四川省,万源市,达州市万源市竹峪镇,107.71794,32.205417,Attack human,Human,1,,https://baijiahao.baidu.com/s?id=1585822985448952592&wfr=spider&for=pc
Asiatic Black Bear,ABB065,2017,8,台湾省,海端乡,南投县海端乡嘉明湖旁小屋,121.033972,23.292831,Damage property,,,,https://www.epochtimes.com/gb/14/8/17/n4226892.htm
Asiatic Black Bear,ABB066,2017,8,云南省,大姚县,楚雄自治州大姚县湾碧乡大羊窝子山,101.18936,26.353583,Attack human,Human,1,,https://www.sohu.com/a/165283332_123753
Asiatic Black Bear,ABB067,2017,4,云南省,大姚县,楚雄自治州大姚县碧湾乡,101.17533,26.216889,Attack human,Human,1,,https://baijiahao.baidu.com/s?id=1565927223826857&wfr=spider&for=pc
Asiatic Black Bear,ABB068,2017,5,云南省,永胜县,丽江市永胜县鲁地拉镇,100.81813,26.200278,Attack human,Human,1,,https://weibo.com/2600864183/F5lb241SG?type=comment
Asiatic Black Bear,ABB069,2017,10,云南省,新平县,玉溪市新平县新化乡古州野林光头山,101.84813,24.067056,Attack human,Human,1,,https://www.thepaper.cn/newsDetail_forward_1821333
Asiatic Black Bear,ABB070,2018,10,陕西省,南郑区,汉中市南郑区碑坝镇,107.14952,32.604556,Attack human,Human,1,,https://news.china.com/news100/11038989/20181016/34174802_all.html
Asiatic Black Bear,ABB071,2018,8,四川省,江油市,绵阳市江油市雁门镇栽秧沟,105.20433,32.219361,Attack human,Human,1,,https://www.sohu.com/a/248700666_825054
Asiatic Black Bear,ABB072,2018,4,四川省,盐津县,昭通市盐津县插河乡花坪子,104.17597,28.117972,Attack human,Human,1,,https://www.sohu.com/a/229002648_99958583
Asiatic Black Bear,ABB073,2018,3,四川省,屏山县,宜宾市屏山县老君山,104.03591,28.817028,Attack human,Human,1,,https://news.jstv.com/a/20180330/1522416468298.shtml
Asiatic Black Bear,ABB074,2018,8,台湾省,海端乡,台东县海端乡嘉明湖旁小屋,121.034047,23.293936,Damage property,,,,https://www.ettoday.net/news/20180820/1239731.htm
Asiatic Black Bear,ABB075,2018,7,台湾省,鹿野乡,台东县鹿野乡武陵村,121.105376,22.967161,Attack livestock,Chicken,22,22,https://www.chinatimes.com/realtimenews/20180802003492-260405?chdtv
Asiatic Black Bear,ABB076,2018,6,云南省,永胜县,丽江市永胜县鲁地拉镇治读坪村林区,100.81516,26.201583,Attack human,Human,1,,https://www.chuxiong.com/forum.php?mod=viewthread&action=printable&tid=45159
Asiatic Black Bear,ABB077,2019,10,黑龙江省,伊春市,伊春市昆仑气林场,128.386639,47.570306,Attack human,Human,2,,https://baijiahao.baidu.com/s?id=1647604877502276304&wfr=spider&for=pc
Asiatic Black Bear,ABB078,2019,9,湖北省,神农架林区,神农架林区官门山风景区,110.478858,31.400723,Damage beehive,,,,http://hb.people.com.cn/n2/2020/0806/c194063-34209650.html
Asiatic Black Bear,ABB079,2019,5,吉林省,桦甸市,桦甸市常山镇大河村甸沟口附近一林场,126.729845,43.361501,Damage beehive,,,,https://baijiahao.baidu.com/s?id=1633876989011627409&wfr=spider&for=pc
Asiatic Black Bear,ABB080,2019,6,陕西省,鄠邑区,西安市秦岭紫阁峪,108.745806,33.967778,Attack human,Human,1,,https://baijiahao.baidu.com/s?id=1635963620779337726&wfr=spider&for=pc
Asiatic Black Bear,ABB081,2019,2,台湾省,信义乡,玉山塔塔加游憩区鹿林小屋,120.881229,23.473923,Damage property,,,,https://www.epochtimes.com/b5/19/2/21/n11060853.htm
Asiatic Black Bear,ABB082,2019,10,云南省,永胜县,丽江市永胜县鲁地拉镇闷龙河村委会阿拉坪小组,100.81677,26.200861,Attack human,Human,2,,http://m.chuxiong.com/wap/thread/view-thread/tid/59311
Asiatic Black Bear,ABB083,2020,9,黑龙江省,方正县,哈尔滨市方正县方正林业局新凤林场,128.846889,45.901778,Attack human,Human,1,,https://www.163.com/dy/article/FNIAJHMV0534C72H.html
Asiatic Black Bear,ABB084,2020,8,湖北省,神农架林区,神农架林区官门山风景区,110.478858,31.400723,Damage beehive,,,,http://hb.people.com.cn/n2/2020/0806/c194063-34209650.html
Asiatic Black Bear,ABB085,2020,7,四川省,平武县,绵阳市江油市平武县木皮乡藏族乡关坝村,104.74855,31.95425,Damage beehive,,,,http://sc.sina.com.cn/news/m/2020-07-31/detail-iivhvpwx8331684.shtml
Asiatic Black Bear,ABB086,2020,5,四川省,江油市,绵阳市江油市马角镇沉水村,105.07855,32.084861,Attack human,Human,3,3,https://baijiahao.baidu.com/s?id=1667031255074628934&wfr=spider&for=pc
Asiatic Black Bear,ABB087,2020,12,四川省,米易县,攀枝花市米易县白坡彝族乡松坪村,101.86813,26.876028,Attack human,Human,1,,https://www.thepaper.cn/newsDetail_forward_10346541?commTag=true
Asiatic Black Bear,ABB088,2020,12,台湾省,泰安乡,苗栗县泰安乡麻必浩部落,120.964205,24.354562,Damage property,,,,https://e-info.org.tw/node/232144
Asiatic Black Bear,ABB089,2020,10,台湾省,和平区,台中县和平区东卯山,120.95787,24.185813,Damage property,,,,https://e-info.org.tw/node/232143
Asiatic Black Bear,ABB090,2020,4,云南省,大关县,昭通市大关县翠华镇,103.81963,27.964833,Attack human,Human,1,,https://baijiahao.baidu.com/s?id=1662847103736011323&wfr=spider&for=pc
Asiatic Black Bear,ABB091,2020,8,云南省,玉龙县,丽江市玉龙县巨甸镇德良村,99.598,27.306111,Attack human,Human,1,,https://www.thepaper.cn/newsDetail_forward_8737645?commTag=true
Asiatic Black Bear,ABB092,2020,10,云南省,维西县,香格里拉市迪庆州维西县,99.144278,27.41675,Attack human,Human,1,,https://www.sohu.com/a/430734092_252130
Asiatic Black Bear,ABB093,2021,5,贵州省,盘州市,六盘水盘州市亦资街道石家庄附近,104.46771,25.637619,Attack livestock,Goat,8,8,https://baijiahao.baidu.com/s?id=1700292855036000307&wfr=spider&for=pc
Asiatic Black Bear,ABB094,2021,8,湖南省,城步苗族自治县,南山国家公园金童山保护区,110.13833,26.169428,Damage beehive,,,,https://www.forestry.gov.cn/c/www/lcpd/30684.jhtml
Asiatic Black Bear,ABB095,2021,5,湖南省,石门县,常德石门壶瓶山云麓村,110.893822,30.076376,Damage beehive,,,,https://www.toutiao.com/article/6961227396456546823/
Asiatic Black Bear,ABB096,2021,12,江西省,婺源县,婺源县大鄣山乡,117.737473,29.450946,Attack human,Human,1,,https://baijiahao.baidu.com/s?id=1719007016156181444&wfr=spider&for=pc
Asiatic Black Bear,ABB097,2021,1,四川省,平武县,平武关坝流域自然保护区,104.561098,32.551216,Damage beehive,,,,https://baijiahao.baidu.com/s?id=1690467067126881582&wfr=spider&for=pc
Asiatic Black Bear,ABB098,2021,6,四川省,青川县,广元唐家河齐家坝,104.824619,32.507337,Damage beehive,,,,https://k.sina.com.cn/article_6105713761_16bedcc6102000xpcs.html
Asiatic Black Bear,ABB099,2021,8,四川省,绵竹市,德阳绵竹市汉旺镇花石沟村,104.118279,31.490083,Damage beehive,,,,https://www.163.com/dy/article/GI5LE1KO05149N3E.html
Asiatic Black Bear,ABB100,2021,10,台湾省,富里乡,花莲县富里乡永丰村,121.279916,23.171403,Damage crops,,,,https://pets.ettoday.net/news/2110758
Asiatic Black Bear,ABB101,2021,3,云南省,大关县,昭通市大关县木杆镇漂坝秦家,104.022042,28.148719,Attack human,Human,1,,https://www.163.com/dy/article/G623PRFL0514TQ48.html
Asiatic Black Bear,ABB102,2022,9,黑龙江省,大箐山县,伊春市大箐山县朗香林业局正岔河林场,129.180746,46.749963,Attack human,Human,1,,https://m.gmw.cn/2022-09/29/content_1303158143.htm
Asiatic Black Bear,ABB103,2022,5,黑龙江省,饶河县,双鸭山市饶河县大顶子山,133.818397,46.894864,Attack human,Human,1,,http://henan.china.com.cn/m/2022-05/14/content_41970440.html
Asiatic Black Bear,ABB104,2022,10,黑龙江省,方正县,哈尔滨方正县高楞镇,129.25776,46.01051,Enter human settlements,,,,https://baijiahao.baidu.com/s?id=1746632779898237012&wfr=spider&for=pc
Asiatic Black Bear,ABB105,2022,8,黑龙江省,逊克县,逊克县翠宏山,128.952714,48.71492,Attack livestock,Goose+Duck,1+2,1+2,https://content-static.cctvnews.cctv.com/snow-book/index.html?item_id=9891067824747826141
Asiatic Black Bear,ABB106,2022,6,湖北省,神农架林区,神农架松柏镇盘水村,110.615339,31.756349,Damage beehive,,,,https://news.hbtv.com.cn/p/2209055.html
Asiatic Black Bear,ABB107,2022,6,吉林省,蛟河市,吉林市蛟河市前进乡三河村,127.761824,43.906862,Attack human,Human,1,,https://m.gmw.cn/2022-06/06/content_1302983468.htm
Asiatic Black Bear,ABB108,2023,6,黑龙江省,饶河县,双鸭山市饶河县胜利农场有限公司,134.027974,47.337658,Damage beehive,,,,https://www.chinanews.com/sh/shipin/cns-d/2023/06-29/news963195.shtml
Asiatic Black Bear,ABB109,2023,8,黑龙江省,虎林市,鸡西边境管理支队向阳边境派出所红星村,131.539728,45.229556,Damage beehive,,,,https://www.my399.com/2023/08-25/PDEGjZw1.html
Asiatic Black Bear,ABB110,2023,9,黑龙江省,虎林市,虎林市杨岗镇六人班村,132.3745,45.753049,Attack livestock,Sheep,6,6,https://www.bjnews.com.cn/detail/1693802215129773.html
Asiatic Black Bear,ABB111,2023,7,湖北省,兴山县,兴山县南阳镇白竹村,110.603588,31.37156,Damage beehive,,,,https://www.chinanews.com.cn/sh/shipin/cns-d/2023/07-19/news965152.shtml
Asiatic Black Bear,ABB112,2023,10,吉林省,汪清县,延边汪清县大兴沟镇庙岭村,129.654912,43.502635,Attack livestock,Pig,4,未知,https://baijiahao.baidu.com/s?id=1781352899359892061&wfr=spider&for=pc
Asiatic Black Bear,ABB113,2023,11,吉林省,敦化市,延边敦化江源镇,128.022942,43.176205,Damage property,,,,https://baijiahao.baidu.com/s?id=1781987813668934087&wfr=spider&for=pc
Asiatic Black Bear,ABB114,2023,4,四川省,通江县,巴中市通江县泥溪镇,107.196176,32.229305,Attack human,Human,1,,https://baijiahao.baidu.com/s?id=1764146278755686450&wfr=spider&for=pc
Asiatic Black Bear,ABB115,2023,8,台湾省,海端乡,嘉明湖国家步道基地台,120.98384,23.255269,Enter human settlements,,,,https://pets.ettoday.net/news/2571880
Asiatic Black Bear,ABB116,2023,8,台湾省,卓溪乡,花莲县卓溪乡清水部落,121.272296,23.276464,Damage property,Chicken,7,7,https://pets.ettoday.net/news/2571414
Asiatic Black Bear,ABB117,2023,7,台湾省,仁爱乡,南投县仁爱乡庐山部落,121.190551,24.02736,Damage beehive,,,,https://pets.ettoday.net/news/2550539
Asiatic Black Bear,ABB118,2024,6,黑龙江省,抚远市,抚远市长征村和建国村之间耕地,134.41655,48.150858,Enter human settlements,,,,https://k.sina.com.cn/article_1784473157_6a5ce64502002xq2o.html
Asiatic Black Bear,ABB119,2024,9,湖北省,保康县,襄阳市保康县马桥镇,110.927679,31.746045,Damage beehive,,,,https://content-static.cctvnews.cctv.com/snow-book/index.html?item_id=14456996475941757341
Asiatic Black Bear,ABB120,2024,12,湖北省,竹山县,堵河源国家级自然保护区,110.013182,31.608543,Damage property,,,,https://ysxw.cctv.cn/video.html?item_id=2585040359034616934
Asiatic Black Bear,ABB121,2024,11,四川省,北川县,北川县曲山镇,104.510444,31.864536,Attack human,Human,1,,https://news.qq.com/rain/a/20241130A079RJ00?suid=&media_id=
Asiatic Black Bear,ABB122,2024,6,四川省,康定市,甘孜州康定市姑咱镇达杠村,102.137953,30.062672,Attack human,Human,1,,https://www.thecover.cn/news/n/H%2B6eZT%2BZ2H90qSdq8Jkw==
Asiatic Black Bear,ABB123,2024,8,四川省,通江县,通江县胜利乡大营村三社,107.53148,32.216944,Damage beehive,,,,https://mp.weixin.qq.com/s?__biz=MzA3OTAzMDIzNg==&mid=2650992482&idx=2&sn=bdc25ed0566af1c6ff7e30e60720f1c1&chksm=85213c5dd467e2c6dd9251fb5f0205bd8d9566d38035c183ec85cca66f1b7b5977c9116ebdab&scene=27
Asiatic Black Bear,ABB124,2024,4,台湾省,海端乡,台东雾鹿部落海端乡,121.038387,23.168632,Damage property,Chicken,9,9,https://pets.ettoday.net/news/2722193
Asiatic Black Bear,ABB125,2009,8,湖南省,石门县,壶瓶山国家级自然保护区核心区黄莲河村,110.836216,30.0475,Damage crops,,,,https://hunan.voc.com.cn/news/200909/27206997.html
Asiatic Black Bear,ABB126,2014,6,四川省,雨城区,雅安孔坪乡大田村,103.034209,29.949774,Attack livestock,Sheep,近20,近20,https://www.chinanews.com.cn/sh/2014/06-23/6309373.shtml
Asiatic Black Bear,ABB127,2015,8,黑龙江省,饶河县,饶河县饶河沿江公园,134.013899,46.812811,Damage property,,,,https://news.cnr.cn/native/gd/20150829/t20150829_519703901.shtml
Asiatic Black Bear,ABB128,2019,4,湖北省,竹山县,竹山县柳林乡,110.015479,31.608683,Enter human settlements,,,,https://baijiahao.baidu.com/s?id=1632144958972990370&wfr=spider&for=pc
Asiatic Black Bear,ABB129,2017,8,云南省,贡山县,贡山县独龙江乡献九当村委会,98.330826,27.937968,Attack livestock,Pig,2,2,https://www.chinanews.com.cn/m/sh/2017/08-28/8316201.shtml
Asiatic Black Bear,ABB130,2016,6,四川省,崇州市,鸡冠山乡琉璃村二组附近的公路,103.348758,30.757973,Enter human settlements,,,,https://www.thepaper.cn/newsDetail_forward_1493063
Asiatic Black Bear,ABB131,2017,8,吉林省,安图县,长白山北山门,128.113154,42.38815,Attack livestock,Duck,24,24,https://www.sohu.com/a/169104169_265827
Asiatic Black Bear,ABB132,2021,11,黑龙江省,饶河县,饶河县饶河县胜利农场有限公司,133.886463,47.360197,Enter human settlements,,,,https://finance.sina.com.cn/jjxw/2021-11-27/doc-ikyakumx0610969.shtml
Asiatic Black Bear,ABB133,2022,10,黑龙江省,依兰县,依兰县达连河镇江山路,129.407154,46.172155,Enter human settlements,,,,https://mp.weixin.qq.com/s?__biz=MjM5OTgxMjA4MA==&mid=2652479898&idx=4&sn=271a61b26e5765cfa33bedb7354440e7&chksm=bcd8cf058baf46139ea6136a86bc7f44494d58e7a48ce14a98e5f9da704e2400b49ac43a252c&scene=27
Asiatic Black Bear,ABB134,2022,9,黑龙江省,伊美区,伊美区523小区热力电厂院,128.913234,47.740447,Enter human settlements,,,,https://ysxw.cctv.cn/article.html?item_id=17057795201376358983
Asiatic Black Bear,ABB135,2021,10,湖北省,房县,十堰市房县门古寺镇代东河林场黑水洞电站,110.404202,31.921187,Enter human settlements,,,,https://www.hb.chinanews.com.cn/news/2021/1103/365791.html
Asiatic Black Bear,ABB136,2022,4,甘肃省,康县,康县云台镇大院村郭家坪社,105.617041,33.406841,Enter human settlements,,,,http://wcs.xbtcsc.com.cn//a/fazhiqianyan/20220505/27597.html
Asiatic Black Bear,ABB137,2021,4,贵州省,盘州市,盘州市亦资街道石家庄,104.46771,25.637619,Attack livestock,Sheep,2,2,https://www.gywb.cn/system/2021/04/16/031162450.shtml
Asiatic Black Bear,ABB138,2023,5,湖北省,五峰土家族自治县,宜昌市五峰土家族自治县湾潭镇,110.432392,30.049068,Enter human settlements,,,,https://www.chinanews.com.cn/shipin/cns-d/2023/05-30/news960603.shtml
Asiatic Black Bear,ABB139,2009,5,湖北省,五峰土家族自治县,宜昌五峰南河村三组,110.956835,30.175638,Attack livestock,Sheep,2,2,https://www.qingdaonews.com/content/2009-06/07/content_8061349.htm
Asiatic Black Bear,ABB140,2014,8,云南省,兰坪县,兰坪县中排乡烟川村委会下烟一组,99.146379,26.823542,Attack livestock,Cow,1,1,https://www.lanping.gov.cn/xxgk/015280551/info/2014-95674.html
Asiatic Black Bear,ABB141,2006,9,黑龙江省,宁安市,宁安市石岩镇石岩农场,129.408763,44.065317,Attack human,Human,1,,https://heilongjiang.dbw.cn/system/2006/09/20/050555217.shtml
Asiatic Black Bear,ABB142,2013,9,辽宁省,铁岭县,铁岭市铁岭县李千户镇青山村,123.779953,42.048149,Attack livestock,Sheep,1,1,https://ku.m.chinanews.com/wapapp/cns/df/zw/5321450.shtml?target=_self
Asiatic Black Bear,ABB143,2007,9,云南省,景洪市,西双版纳傣族自治州景洪市勐龙镇东风农场六分场橡胶林,100.650673,21.533611,Attack human,Human,3,3,http://news.big5.enorth.com.cn/system/2007/09/13/001965928.shtml
Asiatic Black Bear,ABB144,2006,9,吉林省,临江市,临江市桦树镇柳树河村,127.426551,41.824052,Damage crops,,,,https://news.sina.com.cn/c/2006-09-27/084310119779s.shtml
Asiatic Black Bear,ABB145,2012,10,黑龙江省,双城区,双城市同心乡富强村,126.198156,45.318069,Attack livestock,Sheep,,,https://www.chinanews.com/sh/2012/10-31/4291751.shtml
Asiatic Black Bear,ABB146,2014,10,吉林省,蛟河市,蛟河市庆岭镇中心302国道,126.950172,43.798231,Enter human settlements,,,,https://www.chinanews.com.cn/sh/2014/10-22/6707041.shtml
Asiatic Black Bear,ABB147,2008,7,吉林省,安图县,安图县永庆乡马鞍山村,128.45786,42.712202,Attack livestock,Cow,1,1,https://news.sohu.com/20080719/n258248798.shtml
Asiatic Black Bear,ABB148,2008,8,重庆市,开州区,开县白泉乡白泉村,108.785885,31.591317,Damage crops,,,,https://news.sohu.com/20080829/n259260408.shtml
Asiatic Black Bear,ABB149,2016,4,四川省,峨边彝族自治县,峨边彝族自治县觉莫乡马鞍村,103.154994,29.190906,Attack livestock,Goat,16,14,https://www.chinanews.com.cn/sh/2016/04-28/7852002.shtml
Asiatic Black Bear,ABB150,2017,10,四川省,甘孜县,甘孜州甘孜县昔色乡青沙村,99.740424,31.687406,Enter human settlements,,,,https://baijiahao.baidu.com/s?id=1581034875414693788&wfr=spider&for=pc
Asiatic Black Bear,ABB151,2017,10,四川省,绵竹市,德阳绵竹市金花镇,104.058067,31.35283,Damage crops,,,,https://baijiahao.baidu.com/s?id=1581126279079477372&wfr=spider&for=pc
Asiatic Black Bear,ABB152,2016,10,黑龙江省,虎林市,虎林市阿北乡阿北村,133.270293,46.206747,Enter human settlements,,,,https://heilongjiang.dbw.cn/system/2016/10/14/057407534.shtml
Asiatic Black Bear,ABB153,2024,6,四川省,金堂县,金堂县舒家湾村,104.50603,30.789716,Attack livestock,Chicken,4,4,https://cbgc.scol.com.cn/news/5108333
Asiatic Black Bear,ABB154,2009,8,台湾省,海端乡,南横公路145k,120.741952,22.614681,Enter human settlements,,,,https://news.ltn.com.tw/news/life/breakingnews/307696
Asiatic Black Bear,ABB155,2009,1,台湾省,竹崎乡,嘉县竹崎乡狮埜村第10邻红火坑部落,120.512724,23.531084,Damage crops,,,,https://news.ltn.com.tw/news/local/paper/319012
Asiatic Black Bear,ABB156,2005,7,台湾省,寿丰乡,花莲县寿丰乡平地的丰里村,121.50884,23.843664,Damage crops,,,,https://news.ltn.com.tw/news/life/paper/25473
Asiatic Black Bear,ABB157,2011,6,台湾省,海端乡,南横公路初来段,121.165356,23.120329,Enter human settlements,,,,https://news.ltn.com.tw/news/life/paper/509098
Asiatic Black Bear,ABB158,2019,9,台湾省,海端乡,台东海端乡利稻村,121.023337,23.203387,Damage property,,,,https://news.ltn.com.tw/news/life/paper/1320943
Asiatic Black Bear,ABB159,2019,9,台湾省,海端乡,玉山园区南二段的拉库音溪山屋,121.025741,23.328305,Damage property,,,,https://news.ltn.com.tw/news/life/paper/1316987
Asiatic Black Bear,ABB160,2019,8,台湾省,延平乡,关山红石林道,121.137017,23.059645,Enter human settlements,,,,https://news.ltn.com.tw/news/life/breakingnews/2881328
Asiatic Black Bear,ABB161,2019,7,台湾省,海端乡,南岸附近台三○线,121.24824,23.311689,Enter human settlements,,,,https://news.ltn.com.tw/news/life/paper/1307362
Asiatic Black Bear,ABB162,2019,6,台湾省,卓溪乡,花莲县卓溪乡清水林道,121.185928,23.250656,Enter human settlements,,,,https://news.ltn.com.tw/news/life/paper/1300878
Asiatic Black Bear,ABB163,2019,6,台湾省,海端乡,台东南横山区雾鹿国小,121.041062,23.168773,Enter human settlements,,,,https://news.ltn.com.tw/news/local/paper/1297746
Asiatic Black Bear,ABB164,2019,1,台湾省,信义乡,玉山国家公园楠溪林道,120.906803,23.457446,Damage property,,,,https://news.ltn.com.tw/news/life/breakingnews/2675132
Asiatic Black Bear,ABB165,2024,12,台湾省,卓溪乡,花莲卓溪乡古风村梅醋腌渍工坊,121.234707,23.180011,Damage property,,,,https://news.ltn.com.tw/news/life/breakingnews/4919578
Asiatic Black Bear,ABB166,2024,10,台湾省,卓溪乡,花莲卓溪乡古风村石平部落,121.232325,23.175147,Attack livestock,Chicken,未知,未知,https://news.ltn.com.tw/news/life/breakingnews/4853592
Asiatic Black Bear,ABB167,2023,9,台湾省,六龟区,高雄六龟新开温泉,120.680791,23.057275,Damage beehive,,,,https://news.ltn.com.tw/news/life/paper/1606233
Asiatic Black Bear,ABB168,2021,8,台湾省,信义乡,省道台21线新中横公路143K东埔山登山口,120.893304,23.49395,Enter human settlements,,,,https://news.ltn.com.tw/news/life/paper/1468548
Asiatic Black Bear,ABB169,2023,6,云南省,勐海县,勐满镇大广村委会上田房村,101.345535,21.251755,Enter human settlements,,,,https://www.xsbn.gov.cn/zrbhq/112828.news.detail.dhtml?news_id=2890681
Asiatic Black Bear,ABB170,2012,1,广西省,融水苗族自治县,融水苗族自治县元宝山自然保护区,109.138632,25.422209,Attack human,Human,1,,https://v.gxnews.com.cn/a/6412058
Asiatic Black Bear,ABB171,2010,10,甘肃省,秦州区,秦州区天水镇天水村,105.606933,34.30965,Attack human,Human,2,,https://news.sina.com.cn/o/2010-10-11/182718214782s.shtml
Asiatic Black Bear,ABB172,2006,5,四川省,旺苍县,旺苍县高阳镇,106.296734,32.358978,Attack human,Human,1,,https://news.sina.com.cn/s/2006-05-18/04458953865s.shtml
Asiatic Black Bear,ABB173,2010,7,黑龙江省,五常市,五常市营城子满族乡红旗村,127.021922,45.125535,Attack human,Human,1,,https://news.sina.com.cn/o/2010-07-06/053817760884s.shtml
Asiatic Black Bear,ABB174,2007,8,黑龙江省,兴安区,鹤岗市市区南部,130.275227,47.27787,Enter human settlements,,,,https://www.taihainet.com/news/txnews/cnnews/sh/2007-08-30/165572_2.html
Asiatic Black Bear,ABB175,2008,1,台湾省,和平区,台中县大雪山社区,120.907373,24.23917,Attack domestic dog,Dog,5,5,http://www.taiwan.cn/xwzx/bwkx/200801/t20080127_579250.htm
Asiatic Black Bear,ABB176,2009,5,云南省,鹤庆县,鹤庆县松桂镇段家箐村,100.131996,26.350473,Attack human,Human,1,1,https://news.sina.com.cn/s/2009-05-29/091817910812.shtml
Asiatic Black Bear,ABB177,2010,10,黑龙江省,穆棱市,穆棱市八面通镇四合村,130.537946,44.948766,Attack human,Human,1,,https://heilongjiang.dbw.cn/system/2010/10/27/052789340.shtml
Asiatic Black Bear,ABB178,2017,5,陕西省,岚皋县,岚皋县同兴村,108.775304,32.487102,Attack human,Human,1,1,https://k.sina.com.cn/article_2011880330_77eadb8a00100igg2.html
Asiatic Black Bear,ABB179,2009,10,黑龙江省,汤原县,汤原县竹帘镇,129.873085,46.602754,Enter human settlements,,,,https://heilongjiang.dbw.cn/system/2009/11/02/052187911.shtml
Asiatic Black Bear,ABB180,2005,6,湖北省,宜都市,宜都市五眼泉乡麒麟山村五组,111.351586,30.378969,Enter human settlements,,,,https://news.sina.com.cn/c/2005-06-04/14136080270s.shtml
Asiatic Black Bear,ABB181,2013,7,四川省,温江区,成都温江区寿安镇东岳村,103.694786,30.874449,Damage crops,,,,https://www.chinanews.com.cn/sh/2013/07-25/5082195.shtml
Asiatic Black Bear,ABB182,2019,5,甘肃省,文县,白水江碧口保护站李子坝村,104.383789,32.895193,Enter human settlements,,,,https://baijiahao.baidu.com/s?id=1635040682896687270&wfr=spider&for=pc
Asiatic Black Bear,ABB183,2019,7,四川省,康定市,甘孜金汤镇昌坝村,102.345249,30.283992,Enter human settlements,,,,http://m1.tibet.cn/cn/news/yc/201907/t20190715_6637929.html
Asiatic Black Bear,ABB184,2020,4,四川省,维西县,迪庆州维西县白济汛乡永安村落左洛组,99.060525,27.494841,Enter human settlements,,,,https://mp.weixin.qq.com/s?__biz=MzA3NjczMjUyNg==&mid=2452212874&idx=2&sn=13e0f23de3d6bb89aa47312f6c7a40e8&chksm=8881ad8bbff6249d5839add3be1157fe72013e6ba4ee359bf7e79dc54e227f65511daec81994&scene=27
Asiatic Black Bear,ABB185,2024,7,黑龙江省,萝北县,鹤岗G331国道萝北县到嘉荫县的道路,130.652188,48.434468,Enter human settlements,,,,https://mp.weixin.qq.com/s?__biz=MzA4OTQ3NDkzOQ==&mid=2652304005&idx=3&sn=da3b720a2e16bb93a11e0083c0176f6d&chksm=8a7f36d40ba150496cbb963947637a711c82f91d243bb4473d0337eca256a0248acc7144df9e&scene=27
Asiatic Black Bear,ABB186,2024,5,四川省,茂县,阿坝茂县叠溪镇松坪沟村白腊组,103.635214,32.096926,Enter human settlements,,,,https://cj.sina.com.cn/articles/view/1700648435/655dd5f3020019kaa
Asiatic Black Bear,ABB187,2013,3,云南省,勐海县,勐海县布朗山乡,100.416746,21.583598,Enter human settlements,,,,http://www.china.com.cn/v/news/2013-03/07/content_28158174.htm
Asiatic Golden Cat,AGC001,2010,4,四川省,富顺县,富顺县永年镇洗马村3组,104.844674,29.128524,Attack livestock,Chicken,数十,数十,https://www.qingdaonews.com/content/2010-04/27/content_8361549.htm
Asiatic Golden Cat,AGC002,2009,10,四川省,渠县,渠县报恩乡金光村,107.159606,31.164379,Attack livestock,Chicken,未知,未知,https://news.sina.com.cn/c/2009-11-03/051416542455s.shtml
Asiatic Golden Cat,AGC003,2021,11,广西省,扶绥县,扶绥县岜盆乡那标村,107.983301,22.529328,Enter human settlements,,,,https://m.huanqiu.com/article/45V3s8N9pw7
Asiatic Golden Cat,AGC004,2013,4,四川省,渠县,渠县卷硐乡林区公路,107.053889,30.755858,Enter human settlements,,,,https://www.qx818.com/xwzx/shms/content_30022
Brown Bear,BB001,2024,5,西藏自治区,比如县,那曲市比如县白嘎乡,94.039082,31.195111,Enter human settlements,,,,https://baijiahao.baidu.com/s?id=1802705217620502238&wfr=spider&for=pc
Brown Bear,BB002,2020,5,青海省,治多县,治多县扎河乡口前村一社,94.837409,34.184891,Attack human,Human,1,1,https://society.huanqiu.com/article/3yFCRcGhSJO
Brown Bear,BB003,2014,6,新疆维吾尔自治区,沙湾市,沙湾县东湾镇博尔久峡义山崖附近,85.787796,44.001686,Attack human,Human,1,,https://www.163.com/dy/article/HGTQ03RV0553E0DF.html
Brown Bear,BB004,2021,9,青海省,称多县,玉树珍秦镇嘉塘草原,97.282774,33.427828,Attack human,Human,1,,https://baijiahao.baidu.com/s?id=1716104841990176321&wfr=spider&for=pc
Brown Bear,BB005,2023,3,青海省,称多县,玉树称多县珍秦七村木纳沟,97.28685,33.462189,Attack livestock,Yak,2,2,https://baijiahao.baidu.com/s?id=1761584582443070278&wfr=spider&for=pc
Brown Bear,BB006,2020,8,青海省,格尔木市,格尔木市大格勒乡查那村,95.761786,36.442019,Attack human,Human,5,,https://baijiahao.baidu.com/s?id=1675550861371963302&wfr=spider&for=pc
Brown Bear,BB007,2023,9,青海省,玛沁县,玛沁县东北部洋玉林场,100.414169,34.598589,Damage property,,,,https://mp.weixin.qq.com/s?__biz=MjM5MjQ1ODczMg==&mid=2655470338&idx=1&sn=4f01d39ea41afbbb8dcefbc9bef2d2a3&chksm=bc6a008de313ad8361d3d2a789472ef4c5b8b42fd6be39d75a7e5216c2a5ae856837777c312a&scene=27
Brown Bear,BB008,2023,5,新疆维吾尔自治区,和静县,和静县巴音布鲁克镇阿木尔郭勒分场,83.475026,43.004814,Attack livestock,Horse,1,,https://news.cyol.com/gb/articles/2023-05/27/content_X5RBxgSpEJ.html
Brown Bear,BB009,2024,8,西藏自治区,安多县,那曲市安多县雁石坪镇,92.069691,33.594999,Damage property,,,,https://news.qq.com/rain/a/20240808A03XZQ00
Brown Bear,BB010,2024,7,青海省,杂多县,杂多县昂赛乡年都村,95.622731,32.791651,Damage property,,,,https://mp.weixin.qq.com/s?__biz=MzI3NDAxODcwOA==&mid=2664699809&idx=3&sn=9248e7c4a1ad0b52dfd73a53e753958e&chksm=f1e683d5eafdc117f4c65ffa10b80fd859a8b5b3b8cf70385bd73b40f020f7dea945022995bf&scene=27
Brown Bear,BB011,2009,9,黑龙江省,穆棱市,穆棱市福禄乡福生村,130.738309,44.91339,Attack human,Human,1,,https://www.chinanews.com/jk/jk-ysbb/news/2009/09-27/1888663.shtml
Brown Bear,BB012,2018,10,青海省,杂多县,三江源国家公园澜沧江源园区昂赛工作站,95.75267,32.6691,Damage property,,,,https://baijiahao.baidu.com/s?id=1615265821116178655&wfr=spider&for=pc
Brown Bear,BB013,2019,9,西藏自治区,安多县,那曲唐古拉世界铁路海拔最高点和安多县间,92.406853,34.179909,Damage property,,,,https://v.cctv.cn/2019/09/25/VIDEnnTQyJJnv9RLoLpb3T5p190925.shtml
Brown Bear,BB014,2019,6,内蒙古自治区,根河市,大兴安岭阿龙山森林,122.134538,51.760608,Attack human,Human,1,,https://society.huanqiu.com/article/9CaKrnKlnnJ
Brown Bear,BB015,2016,10,青海省,玛多县,玛多县玛查理镇,98.211764,34.910122,Attack human,Human,2,,https://www.sohu.com/a/118143791_114731
Brown Bear,BB016,2019,10,四川省,道孚县,甘孜道孚县麻孜乡崩龙村,100.97603,31.102277,Damage crops,,,,https://www.sohu.com/a/349225893_114731
Brown Bear,BB017,2024,9,黑龙江省,呼中区,大兴安岭呼中自然保护区加拉河管理站,123.068763,51.619563,Damage property,,,,https://tv.cctv.cn/2024/09/13/VIDE9DQ1E3F5rdJ3geQyOxOH240913.shtml
Brown Bear,BB018,2021,5,黑龙江省,呼玛县,大兴安岭金山察哈彦村,126.393145,52.28565,Attack livestock,Cow,1,1,https://m.thepaper.cn/baijiahao_12717365
Brown Bear,BB019,2019,10,内蒙古自治区,根河市,大兴安岭北部原始林区管护局乌玛管护站,121.048236,51.421176,Damage property,,,,https://ysxw.cctv.cn/article.html?item_id=13246175372839202870
Brown Bear,BB020,2024,8,西藏自治区,尼玛县,那曲市尼玛县军仓乡,86.040924,31.255552,Enter human settlements,,,,https://www.tibet3.com/news/zangqu/xz/2024-09/02/content_500107688.html
Brown Bear,BB021,2022,9,西藏自治区,边坝县,昌都市边坝县草卡镇,94.681726,30.909881,Attack domestic dog,Dog,1,,https://weibo.com/ttarticle/p/show?id=2309355207563204690233
Brown Bear,BB022,2021,7,四川省,石渠县,甘孜石渠县城环城路与菊母街交叉路口,98.098606,32.970698,Enter human settlements,,,,https://ysxw.cctv.cn/article.html?item_id=1214943137768189933
Brown Bear,BB023,2024,9,西藏自治区,比如县,那曲萨普神山,93.78369,30.878736,Damage property,,,,https://www.cqnews.net/1/detail/1284034130069950464/web/content_1284034130069950464.html
Brown Bear,BB024,2024,7,甘肃省,肃北蒙古族自治县,肃北县盐池湾,96.055314,38.972518,Enter human settlements,,,,https://city.news.cctv.com/2024/07/03/VIDEsMFAdVTJR2MK7BRwCCQt240703.shtml
Brown Bear,BB025,2024,6,青海省,达日县,果洛州达日县德昂乡,100.121339,33.419847,Attack livestock,Cow,3,3,https://www.chinanews.com.cn/sh/shipin/cns-d/2024/06-09/news991953.shtml
Brown Bear,BB026,2024,8,西藏自治区,比如县,那曲市比如县萨普旅游景区,93.885955,30.984534,Attack human,,,,https://www.kepuchina.cn/article/articleinfo?business_type=100&ar_id=521742
Brown Bear,BB027,2024,9,新疆维吾尔自治区,若羌县,巴音郭楞蒙古自治州若羌县若羌河水库,88.189196,38.914207,Enter human settlements,,,,https://cbgc.scol.com.cn/news/5489286
Brown Bear,BB028,2024,7,西藏自治区,谢通门县,谢通门县切琼乡,88.021282,30.172914,Enter human settlements,,,,https://mp.weixin.qq.com/s?__biz=MzIxOTU4MzYwMQ==&mid=2247618461&idx=4&sn=5f33d3ee1c78971e8be2b36598a456e3&chksm=96a11de0d08ab0ef60ea3e90523af40ca6bc81d3c564612a1f16b2bbe3825770a1ddd4ac2138&scene=27
Brown Bear,BB029,2023,10,新疆维吾尔自治区,若羌县,阿尔金山保护区依协克帕提管护站,90.230399,37.360286,Enter human settlements,,,,https://www.xj.chinanews.com.cn/video/2023-10-28/detail-ihcuiyae1935993.shtml
Brown Bear,BB030,2006,1,西藏自治区,林周县,林周县旁多乡邦多行政村,91.332888,30.189749,Attack livestock,Sheep,2,2,https://news.sina.com.cn/c/2007-10-23/062312771789s.shtml
Brown Bear,BB031,2009,7,新疆维吾尔自治区,昌吉市,昌吉市庙尔沟乡庙尔沟村,86.851938,43.504738,Attack livestock,Sheep,3,3,https://news.sohu.com/20091116/n268239583.shtml
Brown Bear,BB032,2014,6,西藏自治区,当雄县,当雄县宁中乡堆灵村三组,90.752321,30.277441,Attack livestock,Sheep,85,30,https://mp.weixin.qq.com/s?__biz=MjM5NDI3NzEwOA==&mid=200282299&idx=1&sn=18a00909bdaac10051afd8261f695290&chksm=288e83201ff90a36a103d5c043af859156d09dbf0649500b5b9188c095a28086da3f35db2ab5&scene=27
Brown Bear,BB033,2014,6,青海省,湟中区,湟中县上五庄华科村,101.410603,36.83082,Attack livestock,Sheep,6,2,http://district.ce.cn/newarea/roll/201406/24/t20140624_3030048.shtml
Brown Bear,BB034,2014,6,西藏自治区,当雄县,当雄县宁中乡堆灵村一组,90.753003,30.280804,Attack livestock,Sheep,3,3,http://district.ce.cn/newarea/roll/201407/01/t20140701_3073187.shtml
Brown Bear,BB035,2018,10,青海省,称多县,称多县歇武镇当巴村,97.293992,33.057906,Damage property,,,,https://weibo.com/6352557688/GEDEW4zc4
Brown Bear,BB036,2017,4,青海省,天峻县,天峻县织合玛乡一社,99.1502,37.533965,Damage property,,,,https://www.sohu.com/a/136419547_160903
Brown Bear,BB037,2024,9,西藏自治区,色尼区,那曲市区,92.067701,31.474967,Enter human settlements,,,,https://news.qq.com/rain/a/20240903V09GDX00?suid=&media_id=
Brown Bear,BB038,2021,6,青海省,城西区,西宁,101.791253,36.628956,Damage property,,,,https://www.163.com/v/video/VIBH1ETPN.html
Brown Bear,BB039,2023,7,青海省,玉树市,玉树州玉树市结古镇,96.979019,33.00067,Damage property,,,,https://baijiahao.baidu.com/s?id=1771938401265563765&wfr=spider&for=pc
Brown Bear,BB040,2006,11,西藏自治区,安多县,安多县吉日乡各拉丹冬,91.242275,33.513674,Damage property,,,,https://news.cctv.com/society/20061114/104541.shtml
Brown Bear,BB041,2009,9,西藏自治区,昂仁县,日喀则昂仁县宁果乡,86.129578,30.731455,Attack livestock,Sheep,未知,15,https://news.sina.com.cn/c/2006-09-13/082810995929.shtml
Brown Bear,BB042,2014,5,西藏自治区,当雄县,当雄县乌玛塘乡郭尼村六组,91.576758,30.608507,Attack livestock,Sheep,1,1,http://district.ce.cn/newarea/roll/201405/13/t20140513_2808255.shtml
Brown Bear,BB043,2017,10,青海省,玉树市,玉树藏族自治州玉树市小苏莽乡,97.251776,32.349474,Damage property,,,,https://baijiahao.baidu.com/s?id=1580597754515498183&wfr=spider&for=pc
Brown Bear,BB044,2023,11,青海省,格尔木市,格尔木矿区,93.160586,36.911961,Damage property,,,,https://m.bjnews.com.cn/detail/1699531252129246.html
Brown Bear,BB045,2024,8,青海省,玛多县,玛多县扎陵湖乡阿涌村,97.91216,35.084656,Attack livestock,Cow,1,1,https://baijiahao.baidu.com/s?id=1808480184103696279&wfr=spider&for=pc
Brown Bear,BB046,2022,8,新疆维吾尔自治区,和静县,巴音郭楞蒙古自治州和静县一牧区,84.349723,42.83058,Attack livestock,Sheep,1,1,http://news.cnhubei.com/content/2022-09/01/content_15025343.html
Brown Bear,BB047,2022,6,内蒙古自治区,额尔古纳市,恩和向阳屯,119.792137,50.731203,Attack livestock,Sheep,13,4,https://www.sohu.com/a/559494863_121123767
Brown Bear,BB048,2024,7,青海省,湟中区,西宁市湟中区共和镇东岔村,101.365639,36.537774,Damage property,,,,https://baijiahao.baidu.com/s?id=1797239210686801268&wfr=spider&for=pc
Brown Bear,BB049,2021,11,青海省,玛沁县,果洛藏族自治州玛沁县大武,100.244924,34.481014,Damage property,,,,https://baijiahao.baidu.com/s?id=1716483204692459123&wfr=spider&for=pc
Brown Bear,BB050,2022,10,青海省,德令哈市,德令哈柏树山,97.385669,37.314581,Enter human settlements,,,,https://tv.cctv.cn/2022/11/01/VIDEFYnJcWzfX1GcbqAhCNz3221101.shtml
Brown Bear,BB051,2024,8,青海省,祁连县,祁连县野牛沟乡,99.541309,38.458448,Enter human settlements,,,,https://tv.cctv.cn/2024/08/22/VIDEeGtDoTJXhW4Oj59UHp7s240822.shtml
Brown Bear,BB052,2017,6,西藏自治区,丁青县,丁青县桑多乡郡休村二组,95.858721,31.198886,Attack livestock,Cow,1,1,https://mp.weixin.qq.com/s?__biz=MzA4NTcwOTk3OA==&mid=2650106552&idx=4&sn=068be18abfa07aef6673a3c9de6bd1b7&chksm=87d20f4db0a5865ba207c54fce65de808807dac9641e536a8b0779b474ee16b2825c72bc66ca&scene=27
Brown Bear,BB053,2011,4,新疆维吾尔自治区,额敏县,S201额克公路靠近额敏县风力发电站路段,84.057394,46.231619,Attack human,,,,https://news.cntv.cn/map/20110428/104408.shtml
Brown Bear,BB054,2023,4,西藏自治区,丁青县,昌都市丁青县,95.494899,31.449293,Enter human settlements,,,,http://news.hnr.cn/shxw/article/1/1649374204180377602
Brown Bear,BB055,2023,5,西藏自治区,巴青县,巴青县贡日乡检查站门口,94.490073,32.452593,Damage property,,,,https://news.ycwb.com/2023-07/02/content_52049658.htm
Brown Bear,BB056,2023,6,青海省,班玛县,果洛藏族自治州班玛县江日堂乡,100.773774,32.91841,Damage property,,,,http://media.tibet.cn/video/ugc/20230620/1687227021948.shtml
Brown Bear,BB057,2016,10,西藏自治区,尼玛县,那曲地区尼玛县甲果,86.910619,30.96312,Enter human settlements,,,,https://news.youth.cn/sh/201610/t20161021_8767725.htm
Brown Bear,BB058,2017,7,新疆维吾尔自治区,乌鲁木齐县,乌鲁木齐县板房沟乡夏牧场,87.406944,43.436863,Attack livestock,Sheep,4,4,https://mp.weixin.qq.com/s?__biz=MzAwMzI3NzM1NA==&mid=2653628829&idx=7&sn=d100b5dcaa9a457a650227297fdc3239&chksm=80e21ed8b79597cea1f65112056ea72a69e6f4df02de9439d39d65e57808b789fcab491f0a8f&scene=27
Brown Bear,BB059,2007,10,黑龙江省,嫩江市,嫩江县白云乡清泉村,126.141375,49.15882,Enter human settlements,,,,https://heilongjiang.dbw.cn/system/2007/11/07/051041978.shtml
Brown Bear,BB060,2018,11,黑龙江省,抚远市,抚远东侧外环路,134.316758,48.361799,Enter human settlements,,,,https://news.cctv.com/2018/11/18/ARTIzYgB0SeBTkx01Mfw2zS6181118.shtml
Brown Bear,BB061,2023,11,青海省,茫崖市,海西州茫崖市格茫公路,91.689857,37.846586,Enter human settlements,,,,https://baijiahao.baidu.com/s?id=1783524463354603486&wfr=spider&for=pc
Brown Bear,BB062,2020,5,新疆维吾尔自治区,塔城市,塔城边境管理支队二工镇,83.013628,46.742451,Enter human settlements,,,,https://www.xjfzb.com/sitefiles/services/cms/page.aspx?s=216&n=235&c=182773
Brown Bear,BB063,2024,10,青海省,称多县,称多县珍秦镇珍秦河谷,97.340856,33.359194,Enter human settlements,,,,http://www.qinghai.gov.cn/zwgk/system/2024/10/13/030055706.shtml
Brown Bear,BB064,2010,6,内蒙古自治区,根河市,呼伦贝尔大兴安岭林业局得耳布尔公司吉勒布林场22支线,120.476198,50.937015,Attack livestock,Goat,1,1,https://nm.cnr.cn/xwzx/jjnmg/201006/t20100610_506562788.html
Clouded Leopard,CL001,2007,8,四川省,长宁县,梅硐镇中坪村岗地湾,105.012083,28.351684,Enter human settlements,,,,https://discovery.cctv.com/20071108/104892.shtml
Clouded Leopard,CL002,2005,5,云南省,勐腊县,勐腊县勐满镇大黑山咖啡基地,101.318373,21.28509,Enter human settlements,,,,https://news.sina.com.cn/s/2006-02-27/11488313905s.shtml
Dhole,D001,2016,4,新疆维吾尔自治区,新源县,72团12连一排渠,83.800367,43.384363,Enter human settlements,,,,https://m.cnr.cn/news/20160419/t20160419_521919124.html
Dhole,D002,2023,6,甘肃省,永靖县,永靖岘塬,103.264369,35.908638,Enter human settlements,,,,http://gs.people.com.cn/n2/2023/0608/c403225-40449724.html
Eurasian Lynx,EL001,2024,4,西藏自治区,噶尔县,阿里噶尔县昆莎乡那木如村,80.152336,31.908383,Attack livestock,Sheep,20+,20+,https://www.thepaper.cn/newsDetail_forward_27028774
Eurasian Lynx,EL002,2019,2,甘肃省,祁连县,祁连山国家级自然保护区,102.591208,37.442614,Attack livestock,Chicken,5,5,https://m.thepaper.cn/baijiahao_5139323
Eurasian Lynx,EL003,2022,12,黑龙江省,加格达奇区,加格达奇区光明街道,124.129945,50.413291,Attack livestock,Rabbit,2,2,https://m.thepaper.cn/baijiahao_21027167
Eurasian Lynx,EL004,2024,1,内蒙古自治区,根河市,图里河镇南沟林场调度室,121.265172,50.227404,Attack domestic dog,Dog,2,2,https://inews.nmgnews.com.cn/system/2024/01/11/013532717.shtml
Eurasian Lynx,EL005,2023,2,黑龙江省,加格达奇区,加格达奇加北乡幸福二队,124.179633,50.434123,Enter human settlements,,,,https://www.forestry.gov.cn/c/www/dzbhdt/363388.jhtml
Eurasian Lynx,EL006,2011,12,内蒙古自治区,根河市,根河市森工办事处,121.547232,50.786983,Enter human settlements,,,,https://news.sina.com.cn/c/2011-12-29/160223717256.shtml
Eurasian Lynx,EL007,2019,11,黑龙江省,呼玛县,呼玛县荣边村,126.65006,51.695387,Enter human settlements,,,,https://tv.cctv.com/2019/11/14/VIDEd84VX4kAXvvkWps0L8Gg191114.shtml
Eurasian Lynx,EL008,2015,3,新疆维吾尔自治区,阿克苏市,阿克苏英阿瓦提,79.485035,41.415568,Attack livestock,Sheep,3,3,https://news.sina.com.cn/c/p/2015-03-17/120531615440.shtml
Eurasian Lynx,EL009,2021,10,内蒙古自治区,额尔古纳市,呼伦贝尔市额尔古纳市蒙兀室韦苏木,119.901412,51.340963,Enter human settlements,,,,https://www.thecover.cn/news/8200819
Eurasian Lynx,EL010,2022,3,黑龙江省,呼中区,大兴安岭地区呼中镇,123.589869,52.033869,Enter human settlements,,,,https://mp.weixin.qq.com/s?__biz=MjM5OTgxMjA4MA==&mid=2652359970&idx=5&sn=97ff56767a7cfb107953ee46e4be6911&chksm=bcd6a3bd8ba12aab4f682b61b9d5dea735894ef878594112d68433a393b0092b06ba52fc44b7&scene=27
Eurasian Lynx,EL011,2023,9,内蒙古自治区,牙克石市,牙克石伊图里河,121.539104,50.636724,Attack livestock,Sheep,6月7日,6月7日,https://k.sina.com.cn/article_1235517742_m49a4812e033014zfc.html
Eurasian Lynx,EL012,2024,3,黑龙江省,漠河市,漠河林场居民区,123.711144,53.4692,Enter human settlements,,,,https://m.thepaper.cn/baijiahao_26704552
Eurasian Lynx,EL013,2024,9,内蒙古自治区,海拉尔区,海拉尔苍狼白鹿冰雪运动基地,119.830727,49.314065,Enter human settlements,,,,https://lcj.hlbe.gov.cn/News/show/1269732.html
Eurasian Lynx,EL014,2022,4,黑龙江省,呼中区,呼中保护区靠前驻防营区,123.045135,51.610817,Enter human settlements,,,,https://m.gmw.cn/baijia/2022-04/04/1302882054.html
Eurasian Lynx,EL015,2023,12,西藏自治区,桑珠孜区,桑珠孜联乡大竹村,89.640314,29.333527,Enter human settlements,,,,https://mp.weixin.qq.com/s?__biz=MzIyOTY0OTE1Nw==&mid=2247642885&idx=3&sn=ca3b90a2c73b44f056fd24809ccc36ce&chksm=e8b3916fdfc41879d5acd680af297a69b20a5cdaa2224557d10687fb784750142f1fc03ee01f&scene=27
Eurasian Lynx,EL016,2024,11,西藏自治区,当雄县,那嘎村一组楚布河旁,89.115641,29.179219,Enter human settlements,,,,https://baijiahao.baidu.com/s?id=1847883424688445691&wfr=spider&for=pc
Grey Wolf,GW001,2005,8,黑龙江省,平房区,哈尔滨市平房区平乐村三屯,126.601605,45.587063,Attack livestock,Goose+Chicken,1+1,1+1,https://heilongjiang.dbw.cn/system/2005/08/19/050113829.shtml
Grey Wolf,GW002,2007,7,黑龙江省,松北区,哈尔滨市松北区乐业镇杏林村,126.356905,46.078761,Enter human settlements,,,,https://heilongjiang.dbw.cn/system/2007/07/10/050887076.shtml
Grey Wolf,GW003,2005,9,宁夏回族自治区,贺兰县,贺兰山国家级自然保护区,105.935838,38.408632,Attack livestock,Sheep,未知,未知,https://news.sina.cn/sa/2005-09-23/detail-ikkntiam4668827.d.html
Grey Wolf,GW004,2009,5,甘肃省,玉门市,玉门镇黄闸湾乡北湖村,97.034177,40.395151,Enter human settlements,,,,https://gs.cnr.cn/gsxw/jzgc/200906/t20090616_505368959.html
Grey Wolf,GW005,2005,8,黑龙江省,安达市,安达市老虎岗镇向前村匡家屯,125.644721,46.801603,Attack livestock,Sheep,1,1,https://news.sina.com.cn/s/2005-09-22/06317006280s.shtml
Grey Wolf,GW006,2009,12,新疆维吾尔自治区,青河县,青河县萨尔托海乡,90.156424,46.060367,Attack livestock,Sheep,57,57,https://news.sohu.com/20100113/n269537348.shtml
Grey Wolf,GW007,2009,4,甘肃省,山丹县,祁连山山丹马场一场四队,101.245294,38.123608,Enter human settlements,,,,https://news.sohu.com/20090522/n264102017.shtml
Grey Wolf,GW008,2014,8,新疆维吾尔自治区,富蕴县,富蕴县喀拉布勒根乡喀拉卓勒村,88.768263,46.349911,Attack human,Human+Chicken,6+10,0+10,http://ku.m.chinanews.com/wapapp/cns/sh/zw/6487114.shtml?target=_self
Grey Wolf,GW009,2010,4,甘肃省,肃北蒙古族自治县,肃北县马鬃山镇云母头村,96.079447,41.469765,Attack livestock,Sheep,30+,30+,https://www.chinanews.com/gn/news/2010/04-08/2214464.shtml
Grey Wolf,GW010,2012,3,新疆维吾尔自治区,霍城县,伊犁农四师六十一团小麻扎,80.558402,44.252296,Attack livestock,Sheep,98,75,https://www.chinanews.com/df/2012/03-07/3725561.shtml
Grey Wolf,GW011,2011,2,甘肃省,永登县,永登县龙泉镇费家湾村俞家营,103.376683,36.515798,Attack livestock,Sheep,17,9,https://news.ifeng.com/c/7fZM1NDTakE
Grey Wolf,GW012,2015,12,新疆维吾尔自治区,克拉玛依区,克拉玛依市政府车队院子,84.889231,45.579421,Enter human settlements,,,,http://www.china.com.cn/newphoto/news/2015-12/08/content_37264710.htm
Grey Wolf,GW013,2018,1,内蒙古自治区,奈曼旗,奈曼旗义隆永镇西梁村经营农场,120.668853,42.665797,Attack livestock,Sheep,2,2,https://news.aluntan.com/1529-3042993019580034869.html
Grey Wolf,GW014,2021,11,甘肃省,玛曲县,玛曲县采日玛镇秀昌村,102.022811,33.387733,Attack livestock,Sheep,15,15,https://www.163.com/dy/article/GQER0LQJ0550U2GK.html
Grey Wolf,GW015,2021,1,内蒙古自治区,翁牛特旗,赤峰翁牛特旗桥头镇,118.914449,42.608561,Attack livestock,Sheep,26,26,https://news.cctv.com/2021/01/11/ARTIeM216cp4spnhjOiiT0bH210111.shtml
Grey Wolf,GW016,2024,4,新疆维吾尔自治区,温泉县,博尔塔拉蒙古族自治州温泉县塔秀乡冬都布勒格村,81.563021,44.973022,Attack livestock,Sheep,30,30,https://m.thepaper.cn/newsDetail_forward_28472047
Grey Wolf,GW017,2021,7,黑龙江省,阿城区,哈尔滨市阿城区炮手屯,127.016742,45.533206,Attack domestic dog,Dog,1,1,https://baijiahao.baidu.com/s?id=1705070845539499972&wfr=spider&for=pc
Grey Wolf,GW018,2021,10,青海省,兴海县,兴海县温泉乡,99.438968,35.404095,Enter human settlements,,,,https://www.chinanews.com.cn/sh/shipin/cns-d/2021/10-27/news905302.shtml
Grey Wolf,GW019,2009,5,甘肃省,玉门市,玉门市黄闸湾乡泽湖村,97.055345,40.376744,Enter human settlements,,,,https://gs.cnr.cn/gsxw/jzgc/200906/t20090616_505368959_1.html
Grey Wolf,GW020,2010,1,内蒙古自治区,东乌珠穆沁旗,东乌珠穆沁旗满都宝力格镇白音布日德嘎查伊昌畜牧公司,118.662823,46.325883,Attack livestock,Sheep,18,18,https://news.cntv.cn/china/20100123/101987_1.shtml
Grey Wolf,GW021,2007,3,内蒙古自治区,海勃湾区,乌海市海勃湾区千里山镇,106.890863,39.850678,Attack livestock,Sheep,15,4,https://nm.cnr.cn/xwzx/jjnmg/200703/t20070314_504420391.html
Grey Wolf,GW022,2005,1,内蒙古自治区,达尔罕茂明安联合旗,达茂旗查干淖尔苏木（乡）,109.905557,42.27255,Attack livestock,Sheep,180,146,https://news.sina.cn/sa/2005-05-30/detail-ikkntiam3615024.d.html
Grey Wolf,GW023,2008,10,新疆维吾尔自治区,乌苏市,乌苏市赛力克提牧场,84.46884,44.153123,Attack livestock,Sheep,81,81,https://news.ifeng.com/c/7fYavZ9RSGT
Grey Wolf,GW024,2008,3,甘肃省,肃北蒙古族自治县,肃北县党城湾镇乌兰布勒格村红泉牧场,95.85956,39.038107,Attack livestock,Goat,10+,未知,https://news.sina.com.cn/c/2008-04-07/083015304786.shtml
Grey Wolf,GW025,2013,5,甘肃省,天祝藏族自治县,武威天祝县赛什斯镇土城村,102.879898,36.932388,Attack livestock,Cow,2,2,https://gs.cnr.cn/gsxw/gngj/201305/t20130510_512552786.shtml
Grey Wolf,GW026,2013,5,新疆维吾尔自治区,和静县,和静县阿次布苏牧场,84.82952,43.084929,Attack livestock,Yak,6,未知,https://news.sciencenet.cn/htmlnews/2013/6/278621.shtm
Grey Wolf,GW027,2014,10,新疆维吾尔自治区,尼勒克县,尼勒克县乌赞乡乌赞沟冬窝子,82.490228,43.804687,Attack livestock,Sheep,10+,1,https://inews.ifeng.com/42221481/news.shtml
Grey Wolf,GW028,2014,11,新疆维吾尔自治区,尼勒克县,尼勒克县乌赞乡乌赞沟冬窝子,82.490228,43.804687,Attack livestock,Sheep,53,41,http://ku.m.chinanews.com/wapapp/cns/sh/zw/6768558.shtml?target=_self
Grey Wolf,GW029,2012,12,内蒙古自治区,阿巴嘎旗,阿巴嘎旗吉日嘎郎图嘎查,115.169745,45.043185,Attack livestock,Sheep,31,未知,http://www.hkwb.net/news/content/2013-01/18/content_1036957.htm
Grey Wolf,GW030,2012,2,新疆维吾尔自治区,奇台县,兵团农六师北塔山牧场畜牧三连,90.438267,45.170826,Attack livestock,Horse,1,1,https://www.chinanews.com.cn/df/2012/02-21/3685470.shtml
Grey Wolf,GW031,2010,12,内蒙古自治区,阿巴嘎旗,锡林郭勒盟阿巴嘎旗伊和高勒苏木额尔登乌拉嘎查,115.046225,44.739747,Attack livestock,Sheep,140,140,https://inews.nmgnews.com.cn/system/2010/12/09/010533573.shtml
Grey Wolf,GW032,2011,1,新疆维吾尔自治区,奇台县,昌吉回族自治州奇台县托浪岗山区,90.674415,44.995921,Attack livestock,Sheep,54,54,https://www.chinanews.com/sh/2011/12-24/3556318.shtml
Grey Wolf,GW033,2014,2,新疆维吾尔自治区,尼勒克县,尼勒克县乌赞乡乌赞沟冬窝子,82.490228,43.804687,Attack livestock,Sheep,28,7,http://www.huangpu.org.cn/xgxw/201402/t20140228_5746965_1.html
Grey Wolf,GW034,2015,1,黑龙江省,呼兰区,哈尔滨市呼兰区原野村,126.611139,46.003182,Attack livestock,Sheep Chicken Duck,未知,未知,https://tv.cctv.cn/2015/01/14/VIDE1421228279943987.shtml
Grey Wolf,GW035,2012,11,新疆维吾尔自治区,奇台县,农六师北塔山牧场三连,90.438267,45.170826,Attack livestock,Sheep,约100,约100,http://ku.m.chinanews.com/wapapp/cns/df/zw/4488097.shtml?target=_self
Grey Wolf,GW036,2012,4,新疆维吾尔自治区,和布克赛尔蒙古自治县,和布克赛尔县查干库勒乡江根库克村,85.981207,46.821813,Attack livestock,Sheep,161,未知,https://www.chinanews.com/df/2012/04-28/3854532.shtml
Grey Wolf,GW037,2014,2,吉林省,丰满区,吉林市丰满区二道乡张家村三社,126.449101,43.754689,Attack livestock,Duck,17,17,http://ku.m.chinanews.com/wapapp/cns/sh/zw/5899693.shtml?target=_self
Grey Wolf,GW038,2013,2,新疆维吾尔自治区,奇台县,奇台县托浪岗,90.671415,44.992262,Attack livestock,Sheep,69,37,http://ku.m.chinanews.com/wapapp/cns/df/zw/4574337.shtml?target=_self
Grey Wolf,GW039,2012,12,新疆维吾尔自治区,奇台县,农六师北塔山牧场三连,90.438267,45.170826,Attack livestock,Cow,7,7,http://ku.m.chinanews.com/wapapp/cns/df/zw/4466379.shtml?target=_self
Grey Wolf,GW040,2012,1,新疆维吾尔自治区,奇台县,北塔山牧场,90.509055,45.240343,Attack livestock,Sheep,48,33,https://news.cntv.cn/20120330/122041.shtml
Grey Wolf,GW041,2017,9,内蒙古自治区,乌拉特中旗,乌拉特中旗巴音乌兰苏木图克木嘎查,108.803639,41.95497,Attack livestock,Sheep,30+,30+,https://mp.weixin.qq.com/s?__biz=MzI5OTM4NDA5NQ==&mid=2247489248&idx=1&sn=ad7544856ae485e24e10fe1cb1fdcc2f&chksm=ec963a90dbe1b386c2058e837987d6b4177c7e8d57f93c25a04f096a33ce77a7dfdd591a58cc&scene=27
Grey Wolf,GW042,2019,4,青海省,甘德县,果洛州甘德县下藏科乡,100.694843,34.072239,Attack livestock,Sheep,约150,约150,https://m.thepaper.cn/newsDetail_forward_3409414
Grey Wolf,GW043,2016,9,内蒙古自治区,阿拉善左旗,阿左旗乌力吉苏木温都尔毛道嘎查,104.321573,40.975124,Attack livestock,Sheep,5,5,https://www.northnews.cn/news/2016/0908/1451404.html
Grey Wolf,GW044,2016,10,宁夏回族自治区,原州区,固原市原州区彭堡镇曹洼村六组,106.229482,36.095278,Attack livestock,Sheep,33,28,https://static.nfapp.southcn.com/content/201610/12/c144689.html
Grey Wolf,GW045,2014,9,新疆维吾尔自治区,昭苏县,四师74团坡马,80.273874,42.676079,Attack livestock,Cow,5,5,https://www.chinanews.com/df/2015/06-16/7347585.shtml
Grey Wolf,GW046,2016,3,青海省,共和县,共和县廿地乡曲什纳村一社,100.488824,36.355973,Attack livestock,Sheep,50+,50+,https://www.sohu.com/a/62751989_115496
Grey Wolf,GW047,2024,12,新疆维吾尔自治区,托里县,托里县登格克村,83.98742,45.311196,Attack livestock,Sheep,12,12,https://news.cctv.com/2024/12/30/ARTIJW7enF56cz22uQC8Xx5u241230.shtml
Grey Wolf,GW048,2024,1,新疆维吾尔自治区,温泉县,温泉县安格里格镇托斯呼尔图村,81.21424,44.946637,Attack livestock,Sheep,80+,80+,https://news.qq.com/rain/a/20240122A04O7000
Grey Wolf,GW049,2021,5,黑龙江省,龙沙区,齐齐哈尔市龙沙区大民村大花力屯,123.930883,47.266156,Attack livestock,Sheep+Dog,3+1,3+1,https://www.chinanews.com/sh/2021/05-12/9475661.shtml
Grey Wolf,GW050,2021,7,内蒙古自治区,翁牛特旗,赤峰翁牛特旗桥头镇,118.913164,42.609399,Attack livestock,Sheep,26,26,https://baijiahao.baidu.com/s?id=1688756224691568651&wfr=spider&for=pc
Grey Wolf,GW051,2006,9,吉林省,珲春市,珲春市敬信镇四道泡村,130.542924,42.653497,Attack livestock,Sheep,14,10,https://news.sohu.com/20060930/n245616438.shtml
Grey Wolf,GW052,2005,8,黑龙江省,阿城区,阿城市黄土岗屯村,123.598913,47.151557,Attack livestock,Chicken+Duck+Goose,6+5+1,6+5+1,https://news.sina.com.cn/c/2005-09-02/10586846444s.shtml
Grey Wolf,GW053,2006,7,内蒙古自治区,乌拉特后旗,乌拉特后旗潮格温都尔镇巴音努如嘎查,106.247875,41.859773,Attack livestock,Camel,5,5,https://news.sina.com.cn/c/2006-08-02/10059635600s.shtml
Grey Wolf,GW054,2010,1,内蒙古自治区,阿巴嘎旗,阿巴嘎旗伊和高勒,115.130234,44.729713,Attack livestock,Sheep,288,288,https://news.sina.com.cn/c/2010-01-24/042516982736s.shtml
Grey Wolf,GW055,2013,5,内蒙古自治区,苏尼特右旗,锡林郭勒盟苏尼特右旗边境牧区,111.3399,43.299663,Attack livestock,Sheep,67,17,http://politics.people.com.cn/n/2013/0602/c70731-21705060.html
Grey Wolf,GW056,2011,2,内蒙古自治区,回民区,　呼和浩特市红山口村,111.649077,40.887505,Attack domestic dog,Dog,7月8日,7月8日,https://inews.nmgnews.com.cn/system/2011/03/12/010566498.shtml
Grey Wolf,GW057,2010,7,吉林省,榆树市,榆树市土桥镇长寿村,126.951409,44.657817,Attack livestock,Chicken,未知,未知,https://news.sina.com.cn/s/2010-07-14/011417800016s.shtml
Grey Wolf,GW058,2014,10,新疆维吾尔自治区,富蕴县,富蕴县克孜勒希力克乡,89.805759,46.847909,Attack livestock,Sheep,43,36,https://news.sina.com.cn/o/2014-10-28/162931057904.shtml
Grey Wolf,GW059,2013,1,内蒙古自治区,额尔古纳市,额尔古纳市三河乡苏沁地区,119.785034,50.462501,Attack livestock,Sheep,93,58,http://news.enorth.com.cn/system/2013/01/20/010545079.shtml
Grey Wolf,GW060,2012,12,内蒙古自治区,阿巴嘎旗,锡林郭勒盟阿巴嘎旗吉日嘎郎图苏木,115.168274,45.043007,Attack livestock,Sheep,未知,5,https://www.weather.com.cn/guangxi/tqxw/1761541.shtml
Grey Wolf,GW061,2010,9,内蒙古自治区,赛罕区,呼和浩特市金桥开发区商务厅住宅,111.759786,40.797886,Enter human settlements,,,,https://news.sohu.com/20100925/n275241384.shtml
Grey Wolf,GW062,2017,6,新疆维吾尔自治区,博乐市,博乐市小营盘镇明格陶勒哈村,81.820253,45.033796,Attack livestock,Sheep,13,未知,https://sdxw.iqilu.com/share/YS0yMS0zMjQ0MTM=.html
Grey Wolf,GW063,2018,2,吉林省,东辽县,辽源禄山村,125.248066,42.968327,Attack livestock,Goose+Chicken,未知,1+0,https://www.thepaper.cn/newsDetail_forward_1990705
Grey Wolf,GW064,2019,10,吉林省,洮北区,白城牧场第三牧场,122.545555,45.7483,Attack livestock,Chicken,未知,未知,https://baijiahao.baidu.com/s?id=1647242007778235555&wfr=spider&for=pc
Grey Wolf,GW065,2019,10,甘肃省,成县,成县城关镇石沟村二社村,105.777444,33.781415,Attack livestock,Goose,1,1,https://k.sina.com.cn/article_6578221694_18817b27e02000pyxw.html
Grey Wolf,GW066,2015,7,新疆维吾尔自治区,吉木乃县,中哈边境一八六团畜牧六连,85.628521,47.498781,Attack livestock,Sheep,9,9,https://www.chinanews.com.cn/df/2015/11-19/7631599.shtml
Grey Wolf,GW067,2023,8,黑龙江省,农安县,朝阳乡共和村三门刘家屯,125.5974,45.721679,Attack livestock,Pig,1,1,https://baijiahao.baidu.com/s?id=1773923573591112256&wfr=spider&for=pc
Grey Wolf,GW068,2024,2,新疆维吾尔自治区,精河县,精河县八家户农场牧业三队,82.800642,44.534729,Attack livestock,Sheep,20,20,https://www.xjjh.gov.cn/info/1041/172451.htm
Grey Wolf,GW069,2009,6,甘肃省,玉门市,玉门市黄闸湾乡梁子沟村,97.017142,40.345654,Enter human settlements,,,,https://gs.cnr.cn/gsxw/kx/200908/t20090803_505418537.html
Grey Wolf,GW070,2013,8,新疆维吾尔自治区,玛纳斯县,新疆兵团第六师芳草湖农场一场一连,86.526163,44.646478,Attack livestock,Sheep,9,3,https://www.chinanews.com.cn/sh/2013/08-23/5201291.shtml
Grey Wolf,GW071,2012,5,青海省,同仁市,黄南藏族自治州人民政府办公室,102.015348,35.519495,Enter human settlements,,,,https://news.sina.com.cn/c/2012-05-20/075924445681.shtml
Grey Wolf,GW072,2014,5,新疆维吾尔自治区,昭苏县,兵团第四师七十七团八连,80.851789,43.102971,Attack livestock,Sheep,62,39,https://www.chinanews.com.cn/df/2014/05-26/6214075.shtml
Grey Wolf,GW073,2011,6,新疆维吾尔自治区,玛纳斯县,兵团农六师芳草湖三场,86.596886,44.687381,Attack livestock,Sheep,几只,几只,https://news.sohu.com/20110720/n313926091.shtml
Grey Wolf,GW074,2013,9,吉林省,桦甸市,桦甸市金沙镇民安村东乌拉草沟社,126.985932,43.167673,Attack domestic dog,Dog,1,1,https://ku.m.chinanews.com/wapapp/cns/df/zw/5279652.shtml?target=_self
Grey Wolf,GW075,2014,6,青海省,祁连县,祁连县野牛沟乡达玉村一社,99.373383,38.350531,Attack livestock,Sheep,76,54,https://lcj.qinghai.gov.cn/xwdt/snxw/content_193
Grey Wolf,GW076,2020,2,新疆维吾尔自治区,伊吾县,伊吾县前山乡北部冬窝子,93.927255,43.451037,Attack livestock,Sheep,38,24,https://www.chinanews.com.cn/sh/2020/02-18/9095986.shtml
Grey Wolf,GW077,2014,12,新疆维吾尔自治区,石河子市,兵团第八师石河子镇努尔巴尔村,86.013807,44.275875,Enter human settlements,,,,https://xj.cnr.cn/2014xjfw/2014xjfw_1/2014xjfwkxun/20141226/t20141226_517223789.shtml
Grey Wolf,GW078,2022,7,青海省,天峻县,天峻县江仓,99.250112,37.432974,Enter human settlements,,,,https://www.tianjun.gov.cn/info/1020/65646.htm
Grey Wolf,GW079,2023,9,青海省,玛多县,玛多野牛沟,97.953959,34.442724,Enter human settlements,,,,https://baijiahao.baidu.com/s?id=1758576137445369760&wfr=spider&for=pc
Leopard,L001,2006,2,陕西省,陇县,陇县城关镇黄家崖村上新庄组,106.90492,34.923293,Enter human settlements,,,,https://news.sina.com.cn/s/2006-03-01/09438330898s.shtml
Leopard,L002,2019,6,河北省,青龙满族自治县,青龙满族自治县青龙镇老爷庙影壁山村,118.870142,40.48547,Attack livestock,Sheep,12,12,https://news.ifeng.com/c/7nxBS0LpatG
Leopard,L003,2018,9,吉林省,珲春市,哈达门乡东方红村,130.493739,42.933962,Attack livestock,Chicken,近30,未知,https://www.hndnews.com/p/229576.html
Leopard,L004,2019,8,河北省,平泉市,平泉市道虎沟乡上泉子村,118.745425,40.917722,Attack livestock,Sheep,1,1,https://ysxw.cctv.cn/article.html?item_id=9078115662352758079
Leopard,L005,2019,10,吉林省,珲春市,珲春市097县道西南岔7公里处,130.839431,43.160363,Enter human settlements,,,,https://www.thepaper.cn/newsDetail_forward_4698261
Leopard,L006,2017,6,四川省,白玉县,白玉县察青松多自然保护区麻绒乡如当村,99.293702,31.030514,Enter human settlements,,,,https://www.sohu.com/a/149963194_361205
Leopard,L007,2024,10,山西省,盂县,阳泉市盂县西潘乡牛郎湾村,113.259209,38.418265,Attack human,Human,1,,https://tv.cctv.cn/2024/11/01/VIDE3fEfS5QIWTWUsiU3UZDQ241101.shtml
Leopard,L008,2019,8,河北省,平泉市,平泉市道虎沟乡翟家沟村,118.740129,40.928573,Attack livestock,Goose,1,1,https://ysxw.cctv.cn/article.html?item_id=16813178195160963124
Leopard,L009,2016,1,吉林省,珲春市,珲春市春化镇曙光村,130.948523,42.977458,Enter human settlements,,,,https://m.cnr.cn/news/20160107/t20160107_521065468_yd.html
Leopard,L010,2017,10,山西省,和顺县,和顺县西部,113.359748,37.407058,Attack livestock,Cow,1,1,https://news.dahebao.cn/dahe/appcommunity/1074761
Leopard,L011,2024,12,吉林省,珲春市,珲春市敬信镇回龙峰村边境,130.474691,42.569712,Enter human settlements,,,,https://www.163.com/dy/article/JIM3TBDJ05509UST.html
Leopard,L012,2024,5,吉林省,珲春市,延边珲春市马川子乡依力村,130.485415,42.850766,Attack domestic dog,Dog,1,1,https://www.ctdsb.net/c1716_202405/2145102.html
Leopard,L013,2024,12,吉林省,珲春市,珲春市板石镇,130.34723,42.782024,Enter human settlements,,,,https://www.chinanews.com.cn/m/sh/2024/12-04/10330465.shtml
Leopard,L014,2012,12,河北省,涉县,涉县关防乡前池村,113.912268,36.529401,Attack livestock,Goat,43,29,https://www.chinanews.com/sh/2012/12-27/4442758.shtml
Leopard,L015,2012,2,河南省,修武县,修武县西村乡大河坡村,113.298519,35.34949,Attack livestock,Goat,1,1,https://hn.cnr.cn/hngbxwzx/201203/t20120308_509258795_1.shtml
Leopard,L016,2018,5,吉林省,珲春市,珲春市杨泡乡泡子沿村,130.518085,42.921461,Attack livestock,Sheep,10,7,https://www.thepaper.cn/newsDetail_forward_2117242
Leopard,L017,2024,4,甘肃省,合水县,庆阳合水县酸梨洼村,108.11568,36.025647,Enter human settlements,,,,https://ysxw.cctv.cn/article.html?item_id=6854300260626402827
Leopard,L018,2022,11,辽宁省,建平县,建平县朱碌科镇杨杖子村温杖子组,119.949392,41.632337,Enter human settlements,,,,https://baijiahao.baidu.com/s?id=1749744281915142947&wfr=spider&for=pc
Leopard,L019,2007,8,河南省,叶县,叶县常村乡南马庄,113.113149,33.463979,Attack domestic dog,Dog,1,1,https://hn.cnr.cn/hngs/pahn/200708/t20070823_504549021.html
Leopard,L020,2008,9,山西省,灵丘县,灵丘县上寨村,114.319499,39.224081,Attack livestock,Sheep,约50,37,https://news.sohu.com/20081014/n260022277.shtml
Leopard,L021,2007,6,山西省,泽州县,泽州县金村镇郭背村,113.034688,35.535433,Attack livestock,Sheep,5,5,https://news.sohu.com/20080506/n256683177.shtml
Leopard,L022,2009,2,北京市,怀柔区,怀柔北部长哨营满族乡北沟村,116.741525,40.781323,Attack livestock,Sheep,11,8,https://news.sohu.com/20090216/n262258991.shtml
Leopard,L023,2008,12,吉林省,敦化市,敦化市翰章乡翰章村,128.155652,43.350697,Attack livestock,Pig,2,1,https://news.sina.com.cn/s/2009-01-06/082114987886s.shtml
Leopard,L024,2014,11,吉林省,舒兰市,舒兰市上营镇正阳村,127.266283,44.106864,Attack livestock,Goat,8,8,https://ku.m.chinanews.com/wapapp/cns/sh/zw/6767178.shtml?target=_self
Leopard,L025,2012,6,河北省,唐县,唐县黄石口乡唐河西村,114.820412,39.053605,Attack livestock,Sheep,7,7,https://www.chinanews.com/sh/2012/06-20/3975646.shtml
Leopard,L026,2012,6,河北省,涞源县,涞源县北石佛乡石道沟村,114.606754,39.333819,Attack livestock,Sheep,21,21,https://www.haiwainet.cn/n/2012/0613/c233308-17141397.html
Leopard,L027,2013,12,河南省,济源市,济源市王屋镇东西山村后坡,112.244013,35.216227,Attack livestock,Sheep,64,56,https://news.sohu.com/20131218/n391952457.shtml
Leopard,L028,2011,5,山西省,灵丘县,灵丘黑鹳自然保护区青羊村,114.329413,39.186898,Attack livestock,Goat,47,30,https://news.focus.cn/ty/2011-05-26/1315943.html
Leopard,L029,2012,5,吉林省,珲春市,珲春市太阳村太阳南沟,130.415727,42.807147,Attack livestock,Goat,未知,9,https://jl.cnr.cn/jjy/cbs/201205/t20120510_509586089.shtml
Leopard,L030,2013,11,河北省,涉县,涉县关防乡赵南村,113.925722,36.564675,Attack livestock,Sheep,12,12,https://handan.hebnews.cn/2013-11/14/content_3604537.htm
Leopard,L031,2017,5,云南省,宾川县,宾川县傈僳族村寨大松坪村,100.384143,25.896844,Attack livestock,Goat,约50,31,https://www.chinanews.com.cn/sh/2017/05-19/8229011.shtml
Leopard,L032,2015,1,河南省,济源市,济源市思礼镇水洪池村,112.405363,35.225006,Attack livestock,Goat,5,4,https://www.chinanews.com.cn/sh/2015/01-21/6989879.shtml
Leopard,L033,2018,6,四川省,新龙县,新龙县大盖镇相达村,100.136999,31.342222,Enter human settlements,,,,https://mp.weixin.qq.com/s?__biz=MjM5MjIzNzcyNw==&mid=2650779084&idx=1&sn=cbac1ff6d0205ea908efaf1073b26c63&chksm=bea25c3c89d5d52a96c23c484bc32e6cb88dd6bc28d86cb58575a56efc7adecaa108e1222e11&scene=27
Leopard,L034,2017,3,山西省,方山县,吕梁市方山县马坊镇赤街会村,111.513808,37.965254,Attack livestock,Sheep,93,78,https://www.sohu.com/a/130372702_115635
Leopard,L035,2023,12,黑龙江省,东宁市,东宁市朝阳沟村,131.217352,43.850454,Attack livestock,Sheep,2,2,https://news.qq.com/rain/a/20231229V049JM00
Leopard,L036,2022,7,吉林省,富县,延安市富县直罗镇,109.001894,35.95583,Attack livestock,Sheep,1,1,https://k.sina.com.cn/article_2090512390_7c9ab006020020lzg.html
Leopard,L037,2024,5,吉林省,珲春市,延边马川子乡,130.483847,42.852629,Enter human settlements,,,,https://baijiahao.baidu.com/s?id=1799716648984705797&wfr=spider&for=pc
Leopard,L038,2024,12,黑龙江省,密山市,北大荒集团八五一一农场第四管理区,132.075653,45.717171,Attack livestock,Cow,1,1,https://www.peopleapp.com/rmharticle/30047706333
Leopard,L039,2019,5,吉林省,珲春市,珲春市圈河地区,130.420761,42.660337,Enter human settlements,,,,https://baijiahao.baidu.com/s?id=1635047817321781161&wfr=spider&for=pc
Leopard,L040,2007,2,山西省,黎城县,黎城县西窑沟村,113.437288,36.706388,Attack livestock,,,,https://news.sina.com.cn/s/2007-03-02/153711324824s.shtml
Leopard,L041,2019,5,吉林省,汪清县,延边州汪清县东光镇明月沟村东侧,129.856733,43.302908,Attack livestock,Sheep,几只,几只,https://weibo.com/ttarticle/p/show?id=2309404370122130243119
Leopard,L042,2019,9,吉林省,珲春市,珲春市哈达门乡东方红村,130.50073,42.936067,Attack livestock,Chicken,未知,近20,https://news.china.com/socialgd/10000169/20180928/34028447_all.html
Leopard,L043,2021,8,吉林省,汪清县,汪清金苍复兴镇农场,130.502482,43.364676,Enter human settlements,,,,https://baijiahao.baidu.com/s?id=1710206035005136150&wfr=spider&for=pc
Leopard,L044,2023,8,黑龙江省,东宁市,东宁市境内X087县道47公里处,131.147019,43.930386,Enter human settlements,,,,https://content-static.cctvnews.cctv.com/snow-book/index.html?item_id=8329099159675678982&track_id=0EABE427-854B-47CD-9EAD-D60DB14C7D2C_705670612443
Snow Leopard,SL001,2006,4,新疆维吾尔自治区,拜城县,拜城县种羊场牧业四队,81.020261,41.797041,Attack livestock,Sheep,1,1,https://xj.cnr.cn/xwtp/t20060403_504188475.html
Snow Leopard,SL002,2009,4,甘肃省,临泽县,张掖市临泽县沙河镇兰堡村,100.123812,39.15401,Enter human settlements,,,,http://www.taiwan.cn/xwzx/dl/shh/200905/t20090509_890987.htm
Snow Leopard,SL003,2011,4,西藏自治区,定日县,定日县岗嘎镇拉孜村萨日查山,86.616581,28.574912,Attack livestock,Sheep,10+,10+,https://green.sina.com.cn/news/roll/p/2011-06-15/123022645091.shtml
Snow Leopard,SL004,2014,6,青海省,杂多县,玉树州杂多县结多乡优多村,95.314974,32.596957,Attack livestock,Cow,1,1,https://m.thepaper.cn/newsDetail_forward_1253010
Snow Leopard,SL005,2017,1,新疆维吾尔自治区,拜城县,拜城县铁热克镇,81.541584,41.98811,Attack livestock,Sheep（18 adult+18lamb）,36,36,https://imil.ifeng.com/50674756/news.shtml?back&back&back&back&back&back&back&back&back&back&back&back&back&back&back&back&back&back&back
Snow Leopard,SL006,2017,11,青海省,玛沁县,果洛藏族自治州玛沁县西北部大武乡阿尼玛卿雪山,99.569528,34.765728,Attack livestock,Yak,1,1,https://www.chinanews.com.cn/sh/2018/05-01/8503697.shtml
Snow Leopard,SL007,2018,3,青海省,囊谦县,玉树藏族自治州囊谦县白扎林场,96.527549,32.070343,Attack livestock,Yak,1,1,https://www.xinhuanet.com/politics/2018-03/27/c_1122594743.htm
Snow Leopard,SL008,2018,5,新疆维吾尔自治区,拜城县,拜城县察尔齐镇博孜村,81.31339,41.620566,Enter human settlements,,,,https://www.sohu.com/a/230712793_362042
Snow Leopard,SL009,2019,10,青海省,甘德县,果洛藏族自治州甘德县岗龙乡龙木且村二社达贡麻沟,100.473109,33.892909,Attack livestock,Yak,7月8日,1,https://ysxw.cctv.cn/article.html?item_id=7590653752074229460
Snow Leopard,SL010,2020,12,青海省,曲麻莱县,曲麻莱县曲麻河乡措池村,94.866811,34.977205,Attack livestock,Sheep,1,1,https://j.eastday.com/p/1607654398021507
Snow Leopard,SL011,2020,3,青海省,治多县,玉树藏族自治州治多县治渠乡,95.49901,34.301482,Attack livestock,,,,https://news.cnr.cn/native/city/20200406/t20200406_525043410.shtml
Snow Leopard,SL012,2021,3,青海省,门源回族自治县,海北州门源县西滩乡小学,101.674634,37.395892,Enter human settlements,,,,http://qh.people.com.cn/n2/2021/0312/c378418-34618071.html
Snow Leopard,SL013,2021,5,青海省,兴海县,兴海县子科滩纳洞村,99.843579,35.564305,Attack livestock,Cow,4,1,https://society.huanqiu.com/article/430Ag8bdbZW
Snow Leopard,SL014,2021,8,青海省,杂多县,三江源昂赛乡,95.640146,32.777899,Enter human settlements,,,,https://tv.cctv.cn/2021/08/23/VIDE8KFaqjv7EqTQ2vPof5jT210823.shtml
Snow Leopard,SL015,2021,3,新疆维吾尔自治区,乌什县,阿克苏乌什英阿特,79.16044,41.557615,Attack livestock,Sheep,30,19,https://www.thepaper.cn/newsDetail_forward_12026232
Snow Leopard,SL016,2021,3,新疆维吾尔自治区,和静县,巴音郭楞蒙古自治州和静县乌兰布鲁克村哈里呼沟,84.847451,43.068124,Attack livestock,Sheep,1,1,https://news.qq.com/rain/a/20210305A03OKA00
Snow Leopard,SL017,2021,4,西藏自治区,改则县,阿里改则县察布乡顶固村,84.8526,33.212655,Attack livestock,Sheep,22,15,https://china.qianlong.com/2021/0421/5689479.shtml
Snow Leopard,SL018,2021,5,青海省,兴海县,兴海县子科滩纳洞村,99.843579,35.564305,Attack livestock,Sheep,43,43,https://www.thepaper.cn/newsDetail_forward_12570751
Snow Leopard,SL019,2022,11,青海省,囊谦县,囊谦县尕羊乡,95.653216,32.075503,Attack livestock,Yak,3,,"https://www.163.com/dy/article/HNBPA0RC053469LG.html#:~:text=%E9%9D%92%E6%B5%B7%E7%9C%81%E7%8E%89%E6%A0%91%E5%B7%9E%E5%9B%8A%E8%B0%A6%E5%8E%BF%E4%B8%80%E5%8F%AA%E9%9B%AA%E8%B1%B9%E9%97%AF%E5%85%A5%E6%9D%91%E6%B0%91%E5%AE%B6%E7%9A%84%E7%89%9B%E5%9C%88%E5%92%AC%E4%BC%A4%E4%B8%89%E5%A4%B4%E7%89%A6%E7%89%9B%26%5D%EF%BC%8C%E5%90%8C%E6%97%B6%E4%B9%9F%E8%A2%AB%E7%89%A6%E7%89%9B%E9%A1%B6%E4%BC%A4%E3%80%82%2011%E6%9C%8829%E6%97%A5%EF%BC%8C%E5%9B%8A%E8%B0%A6%E5%8E%BF%E6%9C%89%E5%85%B3%E9%83%A8%E9%97%A8%E4%BB%8B%E7%BB%8D%EF%BC%8C%E8%BF%99%E6%98%AF%E4%B8%80%E5%8F%AA%E6%88%90%E5%B9%B4%E9%9B%AA%E8%B1%B9%EF%BC%8C%E5%90%8E%E8%85%BF%E6%9C%89%E4%BC%A4%E3%80%82,%E7%BB%8F%E6%95%91%E6%B2%BB%E5%90%8E%EF%BC%8C%E9%9B%AA%E8%B1%B9%E5%B7%B2%E8%83%BD%E6%AD%A3%E5%B8%B8%E8%BF%9B%E9%A3%9F%EF%BC%8C%E6%9A%82%E6%97%A0%E7%94%9F%E5%91%BD%E5%8D%B1%E9%99%A9%E3%80%82%20%E5%9B%8A%E8%B0%A6%E5%8E%BF%E8%87%AA%E7%84%B6%E8%B5%84%E6%BA%90%E5%92%8C%E6%9E%97%E4%B8%9A%E8%8D%89%E5%8E%9F%E5%B1%80%E4%B8%80%E5%90%8D%E5%B7%A5%E4%BD%9C%E4%BA%BA%E5%91%98%E5%91%8A%E8%AF%89%E6%9E%81%E7%9B%AE%E6%96%B0%E9%97%BB%E8%AE%B0%E8%80%85%EF%BC%8C27%E6%97%A5%E4%BB%96%E4%BB%AC%E6%8E%A5%E5%88%B0%E6%B6%88%E6%81%AF%E7%A7%B0%EF%BC%8C%E5%9B%8A%E8%B0%A6%E5%8E%BF%E5%B0%95%E7%BE%8A%E4%B9%A1%E6%9C%89%E4%B8%80%E5%8F%AA%E9%9B%AA%E8%B1%B9%E9%97%AF%E8%BF%9B%E4%BA%86%E6%9D%91%E6%B0%91%E5%AE%B6%E4%B8%AD%E7%9A%84%E7%89%9B%E5%9C%88%EF%BC%8C%E5%92%AC%E4%BC%A4%E4%BA%86%E4%B8%89%E5%A4%B4%E7%89%A6%E7%89%9B%EF%BC%8C%E8%80%8C%E9%9B%AA%E8%B1%B9%E4%B9%9F%E8%A2%AB%E7%89%A6%E7%89%9B%E9%A1%B6%E4%BC%A4%EF%BC%8C%E5%90%8E%E8%85%BF%E5%8A%A8%E5%BC%B9%E4%B8%8D%E5%BE%97%E3%80%82"
Snow Leopard,SL020,2022,6,甘肃省,崆峒区,平凉大秦乡苏家村,106.613991,35.624549,Attack livestock,Sheep,1,1,https://www.toutiao.com/article/7104484015188853286/
Snow Leopard,SL021,2022,11,西藏自治区,噶尔县,阿里昆莎乡噶尔新村,80.057938,32.116288,Attack livestock,Sheep,5,5,http://xz.people.com.cn/BIG5/n2/2022/1110/c138901-40188958.html
Snow Leopard,SL022,2022,12,西藏自治区,洛隆县,昌都市洛隆县腊久乡,96.167638,30.543288,Enter human settlements,,,,https://baijiahao.baidu.com/s?id=1752367881434469431&wfr=spider&for=pc
Snow Leopard,SL023,2022,12,新疆维吾尔自治区,阿勒泰市,阿勒泰将军山滑雪场,88.16581,47.825264,Enter human settlements,,,,https://news.qq.com/rain/a/20230102A04XN100
Snow Leopard,SL024,2022,2,西藏自治区,巴宜区,林芝巴宜区百巴镇开朗村,93.682728,29.801425,Enter human settlements,,,,https://www.gzstv.com/a/d3aaec3b80914721986de5c3137ce187
Snow Leopard,SL025,2023,12,新疆维吾尔自治区,若羌县,巴州若羌县塔什萨依村,87.139095,38.715022,Attack livestock,Sheep,27,27,https://tv.cctv.com/2023/12/24/VIDEElZaJRbD8WQGkHgO8sCQ231224.shtml
Snow Leopard,SL026,2023,12,新疆维吾尔自治区,若羌县,巴音郭楞蒙古自治州若羌县瓦石峡镇,87.376139,38.688748,Attack livestock,Sheep,50+,50+,https://m.gmw.cn/2024-01/01/content_1303617489.htm
Snow Leopard,SL027,2023,5,新疆维吾尔自治区,吉木萨尔县,天山东部国有林区,85.452834,43.980171,Enter human settlements,,,,https://baijiahao.baidu.com/s?id=1767385167743029906&wfr=spider&for=pc
Snow Leopard,SL028,2023,9,新疆维吾尔自治区,库车市,库车市阿格乡北山村放牧点,83.209709,42.200321,Attack livestock,,,,https://content-static.cctvnews.cctv.com/snow-book/video.html?item_id=6368135087432981541
Snow Leopard,SL029,2023,12,青海省,甘德县,果洛藏族自治州甘德县上贡麻乡,99.653062,33.864419,Attack livestock,Yak,1,1,https://baijiahao.baidu.com/s?id=1785336771424343692&wfr=spider&for=pc
Snow Leopard,SL030,2023,7,青海省,天峻县,海西蒙古族藏族自治州天峻县快尔玛乡四社,98.840106,37.365684,Attack livestock,Sheep,1,1,https://www.cnr.cn/qhfw/jdt/20230719/t20230719_526334333.shtml
Snow Leopard,SL031,2023,2,新疆维吾尔自治区,温宿县,温宿县博孜墩柯尔克孜族乡阿克布拉克村,80.632365,41.73384,Attack livestock,Sheep,3,3,https://www.xj.chinanews.com.cn/dizhou/2023-02-20/detail-ihcktswz4018311.shtml
Snow Leopard,SL032,2024,2,新疆维吾尔自治区,乌什县,乌什县亚曼苏乡,79.090745,41.214033,Attack livestock,Sheep,40+,40+,https://www.xj.chinanews.com.cn/shipin/2024-03-04/detail-ihcyhwth7262056.shtml
Snow Leopard,SL033,2024,3,西藏自治区,班戈县,那曲市班戈县门当乡宗隆村,89.503529,31.507672,Attack livestock,Sheep,42,42,https://baijiahao.baidu.com/s?id=1793488675052329845&wfr=spider&for=pc
Snow Leopard,SL034,2024,7,西藏自治区,昂仁县,日喀则市昂仁县亚木乡许如村,87.531985,29.653026,Attack livestock,Goat,14,14,https://cbgc.scol.com.cn/news/5232987
Snow Leopard,SL035,2024,10,青海省,大柴旦行委,海西州大柴旦锡铁山铅锌矿厂区,95.552665,37.322493,Enter human settlements,,,,https://www.thepaper.cn/newsDetail_forward_29106178
Snow Leopard,SL036,2024,3,新疆维吾尔自治区,乌苏市,乌苏市,84.214768,44.158587,Attack livestock,Sheep,3,3,https://tv.cctv.cn/2024/03/21/VIDEDi0U5pWplY13noRwOPyy240321.shtml
Snow Leopard,SL037,2023,12,甘肃省,敦煌市,敦煌三危山下树沟子村,95.09867,40.155893,Enter human settlements,,,,https://ysxw.cctv.cn/article.html?item_id=14811766262357061960
Snow Leopard,SL038,2022,11,甘肃省,肃南裕固族自治县,张掖市肃南县祁青工业园区,98.004948,39.184925,Enter human settlements,,,,http://gs.people.com.cn/BIG5/n2/2022/1105/c183348-40182975.html
Snow Leopard,SL039,2023,1,新疆维吾尔自治区,阿勒泰市,阿勒泰军分区（阿尔泰山南麓）,86.40777,48.308036,Damage property,,,,http://big5.china.com.cn/gate/big5/henan.china.com.cn/m/2023-01/04/content_42223597.html
Snow Leopard,SL040,2012,10,西藏自治区,巴宜区,林芝市巴宜区尼西村,94.251579,29.764634,Attack livestock,Sheep,9,9,https://www.chinanews.com.cn/mil/2012/11-17/4336107.shtml
Snow Leopard,SL041,2015,4,青海省,囊谦县,玉树藏族自治州囊谦县觉拉乡布卫村,96.144366,32.561967,Enter human settlements,,,,https://china.huanqiu.com/article/9CaKrnJJR1R
Snow Leopard,SL042,2017,11,青海省,杂多县,杂多县昂赛乡,95.61529,32.781873,Enter human settlements,,,,https://sdxw.iqilu.com/share/YS0yMS02MjA1Mjg.html
Snow Leopard,SL043,2022,2,青海省,都兰县,都兰县宗加镇五龙沟,95.89687,36.151704,Attack domestic dog,,,,https://m.thepaper.cn/baijiahao_16691759
Snow Leopard,SL044,2023,6,青海省,杂多县,杂多县苏鲁乡,95.294507,32.505154,Enter human settlements,,,,https://baijiahao.baidu.com/s?id=1768836402802508737&wfr=spider&for=pc
Tiger,T001,2006,9,吉林省,珲春市,珲春市敬信镇西架山村,130.403103,42.614237,Attack human,Human,1,,https://news.sina.com.cn/s/p/2006-09-21/235011071110.shtml
Tiger,T002,2007,5,吉林省,珲春市,珲春市春化镇河东村草坪沟山（201鸡西——圈河省道58公里道北）,131.130192,43.263311,Attack human,Human,1,,https://news.sohu.com/20070520/n250118890.shtml
Tiger,T003,2006,9,吉林省,珲春市,敬信镇二道沟村北沟儿,128.556503,43.587349,Attack livestock,Cow,1,1,https://news.sohu.com/20060926/n245534449.shtml
Tiger,T004,2024,11,黑龙江省,勃利县,勃利县吉兴乡长太村,130.366115,45.964817,Attack human,Human,1,,https://baijiahao.baidu.com/s?id=1816167768910610707&wfr=spider&for=pc
Tiger,T005,2021,4,黑龙江省,密山市,鸡西市密山市白鱼湾镇临湖村,132.098543,45.324303,Attack human,Human,1,,https://news.sina.cn/gn/2021-04-23/detail-ikmyaawc1451549.d.html
Tiger,T006,2016,8,吉林省,珲春市,珲春市马川子乡依力南沟村,130.495051,42.834563,Enter human settlements,,,,https://sdxw.iqilu.com/share/YS0yMS0yMTYyMw==.html
Tiger,T007,2023,11,黑龙江省,虎林市,虎林市虎头镇,133.671341,45.985529,Attack domestic dog,Dog,1,1,https://www.sohu.com/a/735260124_116237
Tiger,T008,2023,3,吉林省,珲春市,珲春杨泡乡庙岭村,130.586239,42.900832,Enter human settlements,,,,https://baijiahao.baidu.com/s?id=1759768586294875073&wfr=spider&for=pc
Tiger,T009,2021,12,黑龙江省,海林市,海林市山市镇青岭子村,129.073467,44.637422,Attack livestock,Cow,1,1,http://m.cnhubei.com/content/2021-12/28/content_14361832.html
Tiger,T010,2007,3,吉林省,珲春市,珲春市哈达门乡塔子沟村,130.868379,42.943667,Attack livestock,Cow,2,2,https://news.cctv.com/china/20070325/100117.shtml
Tiger,T011,2006,12,吉林省,珲春市,珲春市哈达门乡柳树河子村六道沟山,130.730481,42.924177,Attack livestock,Cow,1,1,https://news.enorth.com.cn/system/2007/01/03/001507247.shtml
Tiger,T012,2008,1,吉林省,珲春市,珲春合作区太阳村石头沟,130.452579,42.794687,Attack livestock,Sheep,22,22,https://www.chinanews.com/sh/news/2008/01-22/1142343.shtml
Tiger,T013,2005,12,黑龙江省,东宁市,东宁县绥阳镇北沟村附近仙人桥旅游点,130.97523,44.571218,Attack livestock,Sheep,1,1,https://heilongjiang.dbw.cn/system/2005/12/15/050212651.shtml
Tiger,T014,2008,9,吉林省,珲春市,珲春市哈达门乡马滴达村南别里沟牧场,130.849062,42.903516,Attack livestock,Cow,1,1,https://news.ifeng.com/society/2/200810/1006_344_816728.shtml
Tiger,T015,2009,8,吉林省,珲春市,珲春市哈达门乡马滴达村南别里沟牧场,130.849062,42.903516,Attack livestock,Cow,1,1,https://news.sina.com.cn/s/2009-08-06/082916076644s.shtml
Tiger,T016,2005,10,吉林省,珲春市,珲春市哈达门乡三道沟村,130.709699,43.005296,Attack livestock,Cow,20+,未知,https://news.sina.cn/sa/2005-10-24/detail-ikknscsi8078067.d.html
Tiger,T017,2005,5,吉林省,珲春市,哈达门乡三道沟村,130.709699,43.005296,Attack livestock,Cow,5,3,https://news.sina.com.cn/c/2005-05-07/14155824390s.shtml
Tiger,T018,2008,7,吉林省,珲春市,春化镇西北沟村韦子沟牧场,130.971811,42.962904,Attack livestock,Cow,2,2,https://news.sina.com.cn/c/2008-07-08/140914133296s.shtml
Tiger,T019,2007,1,吉林省,珲春市,珲春市敬信镇,130.476733,42.646615,Attack livestock,Pig,1,1,https://news.sohu.com/20070104/n247412529.shtml
Tiger,T020,2014,8,黑龙江省,尖山区,双鸭山,131.410431,46.346905,Attack livestock,Cow,1,1,http://politics.people.com.cn/n/2014/0816/c70731-25476641.html
Tiger,T021,2013,7,黑龙江省,桦南县,桦南林业局胜利林场,131.256237,46.27653,Attack livestock,Cow,1,1,https://www.guancha.cn/military-affairs/2013_07_10_157214.shtml
Tiger,T022,2014,4,吉林省,珲春市,珲春市春化镇大六道村,131.001202,43.127958,Attack livestock,Cow,1,1,http://www.qing5.com/2014/0730/11304.shtml
Tiger,T023,2013,6,黑龙江省,桦南县,桦南林业局永青经营所,131.118783,46.311694,Attack livestock,Cow,1,1,https://news.qingdaonews.com/shehui/2013-06/30/content_9828178.htm
Tiger,T024,2012,7,吉林省,珲春市,杨泡乡松林牧场,130.896248,42.964631,Attack livestock,Horse,1,1,https://news.cntv.cn/china/20120716/100932.shtml
Tiger,T025,2014,12,吉林省,舒兰市,舒兰市上营镇马岭河北村一社,127.273946,44.047843,Attack livestock,Cow,1,1,https://www.chinanews.com.cn/sh/2014/12-08/6856807.shtml
Tiger,T026,2014,9,黑龙江省,林口县,林口林业局曙光经营所施业区,130.08234,45.419101,Attack livestock,Cow,5,3,https://ku.m.chinanews.com/wapapp/cns/sh/zw/6635889.shtml?target=_self
Tiger,T027,2013,5,吉林省,珲春市,杨泡乡东阿拉村,130.49659,42.885322,Attack livestock,Cow,1,1,https://news.cctv.com/2013/05/20/VIDE1368994918834903.shtml
Tiger,T028,2013,5,吉林省,珲春市,杨泡乡烟筒砬子西沟村,130.676038,42.883016,Attack livestock,Cow,1,1,https://dongying.dzwww.com/shxw/201305/t20130508_8343424.htm
Tiger,T029,2013,5,吉林省,珲春市,杨泡乡松林村六道岭,130.555488,42.886679,Enter human settlements,,,,https://ku.m.chinanews.com/wapapp/cns/df/zw/4842613.shtml?target=_self
Tiger,T030,2010,4,吉林省,珲春市,珲春市哈达门乡夹信子沟,130.308099,42.813939,Attack livestock,Cow,1,1,https://news.sina.cn/sa/2010-05-01/detail-ikftpnny4289555.d.html
Tiger,T031,2012,12,吉林省,珲春市,珲春市哈达门乡三道沟老金矿,130.742878,43.093174,Attack domestic dog,Dog,1,1,https://news.sina.com.cn/o/2012-12-24/194325882920.shtml
Tiger,T032,2015,4,吉林省,珲春市,珲春马滴达村夹信子沟山,130.808823,42.933083,Attack livestock,Horse,1,1,https://m.cnr.cn/news/20150422/t20150422_518378401.html
Tiger,T033,2014,11,吉林省,黄泥河镇,黄泥河自然保护区,127.912397,44.015086,Attack livestock,Cow,1,1,https://m.news.cntv.cn/2015/02/25/ARTI1424817301453641.shtml
Tiger,T034,2015,6,吉林省,珲春市,珲春市春化镇上草帽村,131.194219,43.266502,Attack livestock,Sheep,20+,11,https://news.cnr.cn/native/city/20150628/t20150628_518984058.shtml
Tiger,T035,2017,7,吉林省,珲春市,英安镇大荒沟村槟榔沟,130.362708,43.176984,Attack livestock,Cow,1,1,https://weibo.com/5996036910/Fc5n6lgo6
Tiger,T036,2010,6,黑龙江省,虎林市,迎春林业局永丰林场,133.043288,46.400918,Attack livestock,Cow,1,1,https://www.qingdaonews.com/content/2010-06/21/content_8408795.htm
Tiger,T037,2017,6,黑龙江省,虎林市,东方红林业局施业区,133.073539,46.221346,Attack livestock,Cow,1,1,https://heilongjiang.dbw.cn/system/2017/07/07/057704150.shtml?spm=zm5115-001.0.0.3.zGhDvj&file=057704150.shtml
Tiger,T038,2019,6,吉林省,汪清县,延边州汪清县东光镇太平村,130.096558,43.230209,Attack domestic dog,Dog,1,,https://baijiahao.baidu.com/s?id=1635679584172296830&wfr=spider&for=pc
Tiger,T039,2017,4,吉林省,图们市,图们市安山村后山,129.855113,42.987556,Attack livestock,Sheep,26,26,http://www.isenlin.cn/sf_774BE056083D4BB690BCB79D644FFACE_209_4AC6F4AD498.html
Tiger,T040,2016,7,吉林省,珲春市,珲春市马川子乡依力南沟屯,130.493755,42.834637,Enter human settlements,,,,https://news.cnr.cn/native/city/20160726/t20160726_522789087.shtml
Tiger,T041,2018,10,黑龙江省,大箐山县,朗乡林业局,128.891142,46.959095,Attack livestock,Cow,1,,https://www.sohu.com/a/271271282_161795
Tiger,T042,2022,5,黑龙江省,东宁市,东宁通沟村蜂蜜砬子,130.996265,44.118321,Attack livestock,Cow,1,1,https://hljnews.cn/ljxw/content/2022-05/24/content_616092.html
Tiger,T043,2023,11,黑龙江省,依兰县,依兰县达连河镇新胜村长山屯,129.72706,45.921908,Attack livestock,Cow,2,2,https://news.cnr.cn/native/gd/20231110/t20231110_526482214.shtml
Tiger,T044,2021,2,吉林省,汪清县,汪清县金苍镇,130.502602,43.364044,Attack domestic dog,Dog,1,,https://mp.weixin.qq.com/s?__biz=MzUyOTAxMjYzNQ==&mid=2247632142&idx=3&sn=6e2b8ca78e06baa241405dadcc77d4bd&chksm=fa6b07facd1c8eeca6c83ab8249d7c47dd70e7da754d4aa74290bcf5ae71a1937f9ea816df03&scene=27
Tiger,T045,2021,12,吉林省,舒兰市,舒兰马鞍山林场,127.27407,44.052078,Attack livestock,Cow,1,1,https://content-static.cctvnews.cctv.com/snow-book/index.html?item_id=2277707431624390936
Tiger,T046,2023,11,黑龙江省,虎林市,虎林市虎头镇下水涝,133.712912,46.031285,Attack domestic dog,Dog,1,1,https://ysxw.cctv.cn/article.html?item_id=16426156953282694505
Tiger,T047,2021,11,黑龙江省,东宁市,东宁东大川林场,131.25213,44.078576,Attack livestock,Sheep,1,1,http://hlj.people.com.cn/n2/2021/1203/c396545-35034111.html
Tiger,T048,2024,3,吉林省,珲春市,珲春市杨泡满族乡庙岭村,130.590961,42.899188,Enter human settlements,,,,https://www.163.com/dy/article/IT3RPN6T0514R9NP.html?f=post2020_dy_recommends
Tiger,T049,2024,11,黑龙江省,东宁市,东宁市老黑山镇黑瞎子沟村大甸子屯,130.760525,43.605004,Enter human settlements,,,,https://www.sohu.com/a/831306225_120388781
Tiger,T050,2021,8,黑龙江省,饶河县,双鸭山市饶河县大通河乡镇江村乌苏里江江边,133.942219,46.617715,Enter human settlements,,,,http://news.cnhubei.com/content/2021-08/11/content_14009185.html
Tiger,T051,2021,8,吉林省,珲春市,从珲春三道沟往金铜矿途中,130.541211,42.953606,Enter human settlements,,,,https://jl.cnr.cn/jlgd/20210816/t20210816_525566817.shtml
Tiger,T052,2024,2,吉林省,汪清县,汪罗线天桥岭林业有限公司桦皮林场往罗子沟方向一公里,130.105266,43.663697,Enter human settlements,,,,https://m.yunnan.cn/system/2024/02/08/032940263.shtml
Tiger,T053,2013,3,吉林省,珲春市,珲春市杨泡满族乡烟筒砬子村西沟,130.623612,42.919544,Enter human settlements,,,,https://m.163.com/news/article/8QPE3FH500011229.html
Tiger,T054,2005,7,吉林省,蛟河市,蛟河市乌林朝鲜族自治乡西厢水山,127.407688,43.746775,Attack livestock,Cow,3,3,https://news.sina.com.cn/o/2005-07-16/01006446722s.shtml
Tiger,T055,2007,5,吉林省,珲春市,珲春市春化镇河东村,130.992127,43.042266,Attack livestock,Cow,3,3,https://news.sina.com.cn/c/2007-09-17/054012581078s.shtml
Tiger,T056,2008,2,吉林省,珲春市,珲春市敬信镇白石村,130.344485,42.650014,Attack domestic dog,Dog,2,1,https://news.sina.com.cn/c/2008-02-19/001414963572.shtml
Tiger,T057,2014,12,黑龙江省,抚远市,距离抚远县南城门不到2公里处,134.281557,48.323653,Enter human settlements,,,,https://ku.m.chinanews.com/wapapp/cns/sh/zw/6837528.shtml?target=_self
Tiger,T058,2015,5,吉林省,汪清县,黄泥沟保护区马鹿沟林场,128.570664,42.140841,Attack livestock,Cow,1,1,https://inews.ifeng.com/43772244/news.shtml?&back
Tiger,T059,2016,7,吉林省,珲春市,珲春密江乡瀑布沟村,130.139606,42.999598,Attack livestock,Cow,2,2,https://hc.cnjiwang.com/nzgx/201607/2172347.html
Tiger,T060,2020,12,吉林省,敦化市,敦化市额穆镇五道沟村,128.329425,43.711917,Attack livestock,Cow,1,1,https://baijiahao.baidu.com/s?id=1688941520740142231&wfr=spider&for=pc
Tiger,T061,2007,11,吉林省,珲春市,板石镇孟岭村五队,130.285795,42.758179,Attack livestock,Cow,1,1,https://www.chinanews.com/sh/news/2007/11-13/1076337.shtml
Tiger,T062,2005,12,黑龙江省,东宁市,东宁县绥阳镇新民村,130.860964,44.481524,Attack livestock,Cow,1,1,https://news.sohu.com/20051213/n240958688.shtml
Tiger,T063,2007,5,吉林省,珲春市,珲春市春化镇安岭村曙光桥,130.945813,42.976044,Attack livestock,Cow,1,1,https://news.sina.com.cn/c/2007-05-28/071011906867s.shtml
Tiger,T064,2007,7,吉林省,珲春市,珲春市南北里牧殖场,130.849495,42.904024,Attack livestock,Cow,2,2,https://news.sina.com.cn/s/2007-07-14/092112203441s.shtml
Tiger,T065,2014,7,黑龙江省,桦南县,桦南林业地区,130.881612,46.278152,Attack livestock,Cow,1,1,https://auto.ifeng.com/hudong/20140728/1019060.shtml
Tiger,T066,2014,11,吉林省,珲春市,珲春市哈达门乡三道沟村,130.709241,43.00531,Enter human settlements,,,,http://military.people.com.cn/n/2014/1205/c389440-26152227.html
Tiger,T067,2017,4,吉林省,珲春市,珲春市哈达门乡平安村七组,130.535673,42.954135,Attack livestock,Horse,1,1,https://item.btime.com/03qfcqucgudgcqfivhs6t5rq4lu?page=1
Tiger,T068,2015,8,黑龙江省,宁安市,牡丹江宁安尔站,128.729268,43.973911,Attack livestock,Cow,1,1,https://www.sohu.com/a/29803422_121315
Tiger,T069,2018,1,黑龙江省,蛟河市,G501国道郝家村路段,132.089217,46.407559,Enter human settlements,,,,https://baijiahao.baidu.com/s?id=1589158498741376897&wfr=spider&for=pc
Tiger,T070,2016,4,吉林省,珲春市,马滴达乡葫芦鳖沟,130.753243,42.932802,Attack livestock,Cow,1,1,https://news.gmw.cn/2016-03/11/content_19260355.htm
Tiger,T071,2019,3,黑龙江省,萝北县,萝北县太平沟乡金满屯村,130.728665,48.017094,Attack domestic dog,Dog,1,1,https://baijiahao.baidu.com/s?id=1627988282897425286&wfr=spider&for=pc
Tiger,T072,2021,6,吉林省,蛟河市,蛟河市乌林乡靠林村,127.595645,43.748052,Attack livestock,Cow,3,1,https://www.gzstv.com/a/57a06af8592d413b9123442f34150431
Tiger,T073,2021,8,吉林省,汪清县,天桥岭林区和黑龙江林区交界,129.360795,43.800076,Enter human settlements,,,,https://t.m.youth.cn/transfer/index/url/news.youth.cn/jsxw/202108/t20210812_13164945.htm
Tiger,T074,2006,9,黑龙江省,东宁市,东宁县三岔口镇朝阳村二黑顶子山,131.195692,43.751909,Attack human,Human,1,1,https://news.sohu.com/20060919/n245421987.shtml
Tiger,T075,2019,1,黑龙江省,嘉荫县,嘉荫县新青林业局柳树河林场至嘉荫县青山乡上马村路,130.256481,48.540541,Enter human settlements,,,,https://ysxw.cctv.cn/article.html?item_id=16930583734585419264
Tiger,T076,2009,4,吉林省,珲春市,珲春市春化镇曙光村,130.951043,42.978193,Attack livestock,Horse,1,1,https://news.ifeng.com/society/2/200904/0408_344_1095983.shtml
Tiger,T077,2014,12,黑龙江省,宁安市,东京城尔站一管护站51林班,128.71641,44.003794,Attack livestock,Horse,1,1,https://news.cnr.cn/native/gd/20150101/t20150101_517284570.shtml
Tiger,T078,2014,10,黑龙江省,海林市,牡丹江海林市新安镇北崴子村,129.121472,44.500003,Attack livestock,Cow,1,1,https://heilongjiang.dbw.cn/system/2014/10/31/056094941.shtml
